<?xml version="1.0"?>
<!DOCTYPE hibernate-mapping PUBLIC "-//Hibernate/Hibernate Mapping DTD 3.0//EN"
"http://hibernate.sourceforge.net/hibernate-mapping-3.0.dtd">
<!-- Generated 8-ago-2014 10.21.43 by Hibernate Tools 3.4.0.CR1 -->
<hibernate-mapping>
    <class name="com.accenture.CCFarm.audit.Audit" table="AUDIT_CCFARM">
       	<id name="id" type="java.lang.String">
            <column name="ID_AUDIT" />
            <generator class="assigned" />
        </id>
        <property name="userId" type="java.lang.String">
            <column name="USER_ID" />
        </property>
        <property name="action" type="java.lang.String">
            <column name="ACTION" />
        </property>
        <property name="codReg" type="java.lang.String">
            <column name="COD_REG" />
        </property>
        <property name="createdDate" type="java.util.Date">
            <column name="DATA" />
        </property>
        <property name="idUtente" type="java.lang.String">
            <column name="UTENTE" />
        </property>
    </class>
</hibernate-mapping>
