<?xml version="1.0"?>
<!DOCTYPE hibernate-mapping PUBLIC "-//Hibernate/Hibernate Mapping DTD 3.0//EN"
"http://hibernate.sourceforge.net/hibernate-mapping-3.0.dtd">
<!-- Generated Jul 25, 2012 10:18:11 AM by Hibernate Tools 3.4.0.CR1 -->
<hibernate-mapping>
    <class name="com.accenture.CCFarm.DAO.AltraLaureaBis" table="ALTRA_LAUREA_BIS">
        <comment>Contiene le informazioni relative agli altri titoli di studio</comment>
        <id name="idSecondaLaureaBis" type="string">
            <column name="ID_ALTRA_LAUREA_BIS" length="41" />
            <generator class="assigned" />
        </id>
        <property name="idAltraLaureaBis" type="string">
            <column name="COD_ALTRA_LAUREA_BIS" length="60">
                <comment>Codice altra laurea</comment>
            </column>
        </property>
        <property name="flagEsteroSecondaLaureaBis" type="string">
            <column name="FLAG_ESTERO" length="2" not-null="true">
                <comment>Estera/privata</comment>
            </column>
        </property>
        <property name="descUniSecondaLaureaBis" type="string">
            <column name="DESCR_UNIVERSITA_BIS" length="50">
                <comment>Universit&#224; di conseguimento</comment>
            </column>
        </property>
        <property name="dataSecondaLaureaBis" type="date">
            <column name="DATA_TITOLO_BIS" length="7">
                <comment>Data di conseguimento</comment>
            </column>
        </property>
        <property name="idDomandaLaureaBis" type="string">
            <column name="ID_DOMANDA_LAUREA_BIS" length="41">
                <comment>Identifi cativo della domanda</comment>
            </column>
        </property>
        <property name="luogoSecondaLaureaBis" type="string">
            <column name="LUOGO_UNIVERSITA_LAUREA_BIS" length="50">
                <comment>Localit&#224; dell'universit&#224;</comment>
            </column>
        </property>
        <property name="nazioneSecondaLaureaBis" type="string">
            <column name="COD_NAZIONE_LAUREA_BIS" length="50">
                <comment>Codice nazione dell'universit&#224;</comment>
            </column>
        </property>
    </class>
</hibernate-mapping>
