<?xml version="1.0"?>
<!DOCTYPE hibernate-mapping PUBLIC "-//Hibernate/Hibernate Mapping DTD 3.0//EN"
"http://hibernate.sourceforge.net/hibernate-mapping-3.0.dtd">
<!-- Generated Jul 25, 2012 10:18:11 AM by Hibernate Tools 3.4.0.CR1 -->
<hibernate-mapping>
    <class name="com.accenture.CCFarm.DAO.AltroTitolo" table="ALTRO_TITOLO">
        <comment>Contiene le informazioni degli altri tiloli di studio</comment>
        <id name="idAltroTitolo" type="string">
            <column name="ID_ALTRO_TITOLO" length="41" />
            <generator class="assigned" />
        </id>
        <property name="idDomandaTitolo" type="string">
            <column name="ID_DOMANDA_TITOLO" length="41" not-null="true">
                <comment>Identificativo della domanda</comment>
            </column>
        </property>
        <property name="descAltroTitolo" type="string">
            <column name="DESCR_TITOLO" length="400">
                <comment>Descrittivo altro titolo</comment>
            </column>
        </property>
        <property name="durataAltroTitolo" type="string">
            <column name="DURATA_TITOLO" length="400">
                <comment>Durata del titolo</comment>
            </column>
        </property>
        <property name="flagEsteroAltroTitolo" type="string">
            <column name="FLAG_ESTERO" length="2" not-null="true">
                <comment>Estera/privata</comment>
            </column>
        </property>
        <property name="rilascioAltroTitolo" type="string">
            <column name="ENTE_RILASCIO_TITOLO" length="400">
                <comment>Ente che ha rilasciato il titolo</comment>
            </column>
        </property>
        <property name="dataRilascioAltroTitolo" type="date">
            <column name="DATA_RILASCIO_TITOLO" length="7">
                <comment>Data di rilascio del titolo</comment>
            </column>
        </property>
        <property name="noteAltroTitolo" type="string">
            <column name="NOTE_TITOLO" length="400">
                <comment>Note</comment>
            </column>
        </property>
        <property name="esameFinaleAltroTitolo" type="string">
            <column name="ESAME_FINALE_TITOLO" length="2">
                <comment>Indica se il titolo prevede l'esame finale</comment>
            </column>
        </property>
    </class>
</hibernate-mapping>
