<?xml version="1.0"?>
<!DOCTYPE hibernate-mapping PUBLIC "-//Hibernate/Hibernate Mapping DTD 3.0//EN"
"http://hibernate.sourceforge.net/hibernate-mapping-3.0.dtd">
<!-- Generated Jul 25, 2012 10:18:11 AM by Hibernate Tools 3.4.0.CR1 -->
<hibernate-mapping>
    <class name="com.accenture.CCFarm.DAO.AnagraficaFarm" table="ANAGRAFICA_FARM">
        <comment>Contiene i dati anagrafici delle farmacie sedi di concorso</comment>
        <id name="idFarm" type="string">
            <column name="ID_FARM" length="41" />
            <generator class="assigned" />
        </id>
        <property name="progressivoFarm" type="string">
            <column name="PROGRESSIVO_FARM" length="50">
                <comment>Progressivo della farmacia</comment>
            </column>
        </property>
        <property name="comuneFarm" type="string">
            <column name="COMUNE_FARM" length="10">
                <comment>Codice Istat Comune</comment>
            </column>
        </property>
        <property name="prvFarm" type="string">
            <column name="PRV_FARM" length="10">
                <comment>Codice Istat Provincia</comment>
            </column>
        </property>
        <property name="descrizioneFarm" type="string">
            <column name="DESCRIZIONE_FARM" length="50">
                <comment>Descrizione</comment>
            </column>
        </property>
        <property name="NDelibera" type="string">
            <column name="N_DELIBERA" length="20">
                <comment>Numero di delibera</comment>
            </column>
        </property>
        <property name="NProgressivo" type="string">
            <column name="N_PROGRESSIVO" length="20">
                <comment>Numero progressivo all&#146;interno del comune</comment>
            </column>
        </property>
        <property name="descrizioneSede" type="string">
            <column name="DESCRIZIONE_SEDE">
                <comment>Descrizione rurale/urbana</comment>
            </column>
        </property>
         <property name="descrizioneSedeDe" type="string">
            <column name="DESCRIZIONE_SEDE_DE">
                <comment>Descrizione rurale/urbana</comment>
            </column>
        </property>
        <property name="codTipoSede" type="string">
            <column name="COD_TIPO_SEDE" length="25">
                <comment>Codice del tipo di sede</comment>
            </column>
        </property>
        <property name="frazioneFarm" type="string">
            <column name="FRAZIONE_FARM" length="50">
                <comment>Frazione / Localit&#224;</comment>
            </column>
        </property>
        <property name="dataDelibera" type="date">
            <column name="DATA_DELIBERA" length="7">
                <comment>Data della delibera</comment>
            </column>
        </property>
        <property name="descrPrvFarm" type="string">
            <column name="DESCR_PRV_FARM" length="50">
                <comment>Descrizione della provincia</comment>
            </column>
        </property>
        <property name="criterioTopoFarm" type="string">
            <column name="CRITERIO_TOPO_FARM" length="2">
                <comment>Criterio topografico</comment>
            </column>
        </property>
        <property name="idBandoFarm" type="string">
            <column name="ID_BANDO_FARM" length="41" not-null="true" />
        </property>
        <property name="codRegFarm" type="string">
            <column name="COD_REG_FARM" length="3" not-null="true" />
        </property>
        <property name="createdByFarm" type="string">
            <column name="CREATED_BY_FARM" length="20" not-null="true" />
        </property>
        <property name="creationDateFarm" type="java.sql.Timestamp">
            <column name="CREATION_DATE_FARM" not-null="true" />
        </property>
        <property name="lastUpdatedByFarm" type="string">
            <column name="LAST_UPDATED_BY_FARM" length="20" not-null="true" />
        </property>
        <property name="lastUpdateDateFarm" type="java.sql.Timestamp">
            <column name="LAST_UPDATE_DATE_FARM" not-null="true" />
        </property>
        <property name="indennitaAvviamento" type="string">
            <column name="INDENNITA_AVV"  />
        </property>
    </class>
</hibernate-mapping>
