<?xml version="1.0"?>
<!DOCTYPE hibernate-mapping PUBLIC "-//Hibernate/Hibernate Mapping DTD 3.0//EN"
"http://hibernate.sourceforge.net/hibernate-mapping-3.0.dtd">
<hibernate-mapping>
    <class name="com.accenture.CCFarm.DAO.AnagraficaFarmInterpelli" table="ANAGRAFICA_FARM_INTERPELLI">
        <comment></comment>
        
        <composite-id name="id" class="com.accenture.CCFarm.DAO.AnagraficaFarmInterpelliId">
            <key-property name="codRegFarm" type="string">
                <column name="COD_REG_FARM" length="3" />
            </key-property>
            <key-property name="idInterpello" type="big_decimal">
                <column name="ID_INTERPELLO" />
            </key-property>
            <key-property name="idFarm" type="string">
                <column name="ID_FARM" length="41" />
            </key-property>
        </composite-id>
        
        <property name="progressivoFarm" type="string">
            <column name="PROGRESSIVO_FARM" length="50">
                <comment>Progressivo della farmacia</comment>
            </column>
        </property>
        <property name="comuneFarm" type="string">
            <column name="COMUNE_FARM" length="10">
                <comment>Codice Istat Comune</comment>
            </column>
        </property>
        <property name="prvFarm" type="string">
            <column name="PRV_FARM" length="10">
                <comment>Codice Istat Provincia</comment>
            </column>
        </property>
        <property name="descrizioneFarm" type="string">
            <column name="DESCRIZIONE_FARM" length="50">
                <comment>Descrizione</comment>
            </column>
        </property>
        <property name="NDelibera" type="string">
            <column name="N_DELIBERA" length="20">
                <comment>Numero di delibera</comment>
            </column>
        </property>
        <property name="NProgressivo" type="string">
            <column name="N_PROGRESSIVO" length="100">
                <comment>Numero progressivo all&#146;interno del comune</comment>
            </column>
        </property>
        <property name="descrizioneSede" type="clob">
            <column name="DESCRIZIONE_SEDE">
                <comment>Descrizione rurale/urbana</comment>
            </column>
        </property>
        <property name="descrizioneSedeDe" type="clob">
            <column name="DESCRIZIONE_SEDE_DE">
                <comment>Descrizione rurale/urbana tedesco</comment>
            </column>
        </property>
        <property name="codTipoSede" type="string">
            <column name="COD_TIPO_SEDE" length="100">
                <comment>Codice del tipo di sede</comment>
            </column>
        </property>
        <property name="frazioneFarm" type="string">
            <column name="FRAZIONE_FARM" length="100">
                <comment>Frazione / Localit&#224;</comment>
            </column>
        </property>
        <property name="dataDelibera" type="date">
            <column name="DATA_DELIBERA" length="7">
                <comment>Data della delibera</comment>
            </column>
        </property>
        <property name="descrPrvFarm" type="string">
            <column name="DESCR_PRV_FARM" length="100">
                <comment>Descrizione della provincia</comment>
            </column>
        </property>
        <property name="criterioTopoFarm" type="string">
            <column name="CRITERIO_TOPO_FARM" length="100">
                <comment>Criterio topografico</comment>
            </column>
        </property>
        <property name="idBandoFarm" type="string">
            <column name="ID_BANDO_FARM" length="41" not-null="true" />
        </property>
       <property name="createdByFarm" type="string">
            <column name="CREATED_BY_FARM" length="20" not-null="true" />
        </property>
        <property name="creationDateFarm" type="java.sql.Timestamp">
            <column name="CREATION_DATE_FARM" not-null="true" />
        </property>
        <property name="lastUpdatedByFarm" type="string">
            <column name="LAST_UPDATED_BY_FARM" length="20" not-null="true" />
        </property>
        <property name="lastUpdateDateFarm" type="java.sql.Timestamp">
            <column name="LAST_UPDATE_DATE_FARM" not-null="true" />
        </property>
        <property name="indennitaAvviamento" type="string">
            <column name="INDENNITA_AVV" length="100" />
        </property>
    </class>
</hibernate-mapping>
