<?xml version="1.0"?>
<!DOCTYPE hibernate-mapping PUBLIC "-//Hibernate/Hibernate Mapping DTD 3.0//EN"
"http://hibernate.sourceforge.net/hibernate-mapping-3.0.dtd">
<!-- Generated Jul 25, 2012 10:18:11 AM by Hibernate Tools 3.4.0.CR1 -->
<hibernate-mapping>
    <class name="com.accenture.CCFarm.DAO.BorsaStudio" table="BORSA_STUDIO">
        <comment>Contiene le informazioni relative alle borse di studio o dottorati conseguite</comment>
        <id name="idBorsaStudio" type="string">
            <column name="ID_BORSA" length="41" />
            <generator class="assigned" />
        </id>
        <property name="idDomandaBorsaStudio" type="string">
            <column name="ID_DOMANDA_BORSA" length="41" not-null="true">
                <comment>Identificativo della domanda</comment>
            </column>
        </property>
        <property name="flagEsteroBorsa" type="string">
            <column name="FLAG_ESTERO" length="2" not-null="true">
                <comment>Estera/privata</comment>
            </column>
        </property>
        <property name="denominazioneBorsa" type="string">
            <column name="MATERIA_BORSA" length="400">
                <comment>Materia in cui &#232; stata conseguita la borsa di studio o dottorato</comment>
            </column>
        </property>
        <property name="descrUniversitaBorsa" type="string">
            <column name="DESCR_UNIVERSITA_BORSA" length="50">
                <comment>Universit&#224; presso cui &#232; stata conseguita la borsa di studio o dottorato</comment>
            </column>
        </property>
        <property name="descrFacoltaBorsa" type="string">
            <column name="DESCR_FACOLTA_BORSA" length="50">
                <comment>Facolt&#224; in cui &#232; stata conseguita la borsa di studio o dottorato</comment>
            </column>
        </property>
	    <property name="luogoBorsa" type="string">
            <column name="LUOGO_BORSA" length="50">
                <comment>Luogo in cui &#232; stata conseguita la borsa di studio o dottorato</comment>
            </column>
        </property>
        <property name="nazioneBorsa" type="string">
            <column name="NAZIONE_BORSA" length="50">
                <comment>Nazione in cui &#232; stata conseguita la borsa di studio o dottorato</comment>
            </column>
        </property>
        <property name="dataInizioBorsa" type="date">
            <column name="DATA_INIZIO_BORSA" length="7">
                <comment>Data di inizio del corso di borsa di studio o dottorato</comment>
            </column>
        </property>
        <property name="dataFineBorsa" type="date">
            <column name="DATA_FINE_BORSA" length="7">
                <comment>Data di fine del corso di borsa di studio o dottorato</comment>
            </column>
        </property>
    </class>
</hibernate-mapping>
