<?xml version="1.0"?>
<!DOCTYPE hibernate-mapping PUBLIC "-//Hibernate/Hibernate Mapping DTD 3.0//EN"
"http://hibernate.sourceforge.net/hibernate-mapping-3.0.dtd">
<!-- Generated Aug 14, 2012 10:31:11 AM by Hibernate Tools 3.4.0.CR1 -->
<hibernate-mapping>
    <class name="com.accenture.CCFarm.DAO.CandidaturaReg" table="CANDIDATURA_REG">
        <id name="idUtente" type="string">
            <column name="ID_UTENTE" length="9" />
            <generator class="assigned" />
        </id>
        <property name="idCandidatura" type="string">
            <column name="ID_CANDIDATURA" length="10" not-null="true" />
        </property>
        <property name="codiceRegione" type="string">
            <column name="COD_REG_UTENTE" length="3" not-null="true" />
        </property>
        <property name="modalitaCandidatura" type="string">
            <column name="MODALITA_CANDIDATURA" length="1" not-null="true" />
        </property>
        <property name="referenteDomanda" type="string">
            <column name="REFERENTE_DOMANDA" length="1" />
        </property>
        <property name="ammesso" type="string">
            <column name="AMMESSO" length="2" />
        </property>
        <property name="erroreElabAutomantica" type="string">
            <column name="ERR_ELAB_AUTO" length="1" />
        </property>
        <property name="elabRettifica" type="string">
            <column name="ELAB_RETTIFICA" length="1" />
        </property>
        <property name="elabAutomatica" type="string">
            <column name="ELAB_AUTOMATICA" length="1" />
        </property>
        <property name="lastUpdateDate" type="java.sql.Timestamp">
            <column name="LAST_UPDATE_DATE" />
        </property>
  		<property name="protocolliRiassegnati" type="string">
            <column name="PROTOCOLLI_RIASSEGNATI" length="200" />
        </property>
       <property name="flagSceltaSedi" type="string">
            <column name="FLAG_SCELTA_SEDI" length="5" />
        </property>
        <property name="flagAbilitaSceltaSedi" type="string">
            <column name="FLAG_ABILITA_SCELTA_SEDI" length="5" />
        </property>
    </class>
</hibernate-mapping>
