<?xml version="1.0"?>
<!DOCTYPE hibernate-mapping PUBLIC "-//Hibernate/Hibernate Mapping DTD 3.0//EN"
"http://hibernate.sourceforge.net/hibernate-mapping-3.0.dtd">
<!-- Generated Jul 25, 2012 10:18:11 AM by Hibernate Tools 3.4.0.CR1 -->
<hibernate-mapping>
    <class name="com.accenture.CCFarm.DAO.CorsoAggiornamento" table="CORSO_AGGIORNAMENTO">
        <comment>Contiene le informazioni relative ai corsi di aggiornamento non ECM</comment>
        <id name="idCorsoAgg" type="string">
            <column name="ID_CORSO_AGG" length="41" />
            <generator class="assigned" />
        </id>
        <property name="idDomandaAgg" type="string">
            <column name="ID_DOMANDA_AGG" length="41">
                <comment>Identificativo della domanda</comment>
            </column>
        </property>
        <property name="titoloCorsoAgg" type="string">
            <column name="DESCR_TITOLO_AGG" length="400">
                <comment>Titolo del corso</comment>
            </column>
        </property>
        <property name="flagEsteroCorsoAgg" type="string">
            <column name="FLAG_ESTERO" length="2" not-null="true">
                <comment>Estera/privata</comment>
            </column>
        </property>
        <property name="organizzatoCorsoAgg" type="string">
            <column name="DESCR_ENTE_AGG" length="400">
                <comment>Nome dell'ente del corso</comment>
            </column>
        </property>
        <property name="dataInizioCorsoAgg" type="date">
            <column name="DATA_INIZIO_CORSO" length="7">
                <comment>Data di inizio del corso di agg</comment>
            </column>
        </property>
        <property name="dataFineCorsoAgg" type="date">
            <column name="DATA_FINE_CORSO" length="7">
                <comment>Data di fine del corso di agg</comment>
            </column>
        </property>
        <property name="totOreCorsoAgg" type="string">
            <column name="TOT_ORE_AGG" length="10">
                <comment>Totale delle ore del corso</comment>
            </column>
        </property>
        <property name="dichiarazioneCorsoAgg" type="string">
            <column name="COD_DICHIARAZIONE_AGG" length="50">
                <comment>Codice di dichiarazione</comment>
            </column>
        </property>
    </class>
</hibernate-mapping>
