<?xml version="1.0"?>
<!DOCTYPE hibernate-mapping PUBLIC "-//Hibernate/Hibernate Mapping DTD 3.0//EN"
"http://hibernate.sourceforge.net/hibernate-mapping-3.0.dtd">
<!-- Generated Sep 4, 2012 12:58:21 PM by Hibernate Tools 3.4.0.CR1 -->
<hibernate-mapping>
    <class name="com.accenture.CCFarm.DAO.Farmacie" table="FARMACIE">
        <composite-id name="id" class="com.accenture.CCFarm.DAO.FarmacieId">
            <key-property name="codPf" type="string">
                <column name="COD_PF" length="5" />
            </key-property>
            <key-property name="desFmc" type="string">
                <column name="DES_FMC" length="80" />
            </key-property>
            <key-property name="desInd" type="string">
                <column name="DES_IND" length="100" />
            </key-property>
            <key-property name="desCap" type="string">
                <column name="DES_CAP" length="5" />
            </key-property>
            <key-property name="desFrz" type="string">
                <column name="DES_FRZ" length="35" />
            </key-property>
            <key-property name="codPva" type="string">
                <column name="COD_PVA" length="11" />
            </key-property>
            <key-property name="codCmn" type="string">
                <column name="COD_CMN" length="6" />
            </key-property>
            <key-property name="codUsl" type="string">
                <column name="COD_USL" length="6" />
            </key-property>
            <key-property name="codFmc" type="string">
                <column name="COD_FMC" length="5" />
            </key-property>
            <key-property name="desTipFmc" type="string">
                <column name="DES_TIP_FMC" length="100" />
            </key-property>
            <key-property name="codTipFmc" type="string">
                <column name="COD_TIP_FMC" length="2" />
            </key-property>
            <key-property name="desPrvPub" type="string">
                <column name="DES_PRV_PUB" length="100" />
            </key-property>
            <key-property name="codArt50" type="string">
                <column name="COD_ART_50" length="10" />
            </key-property>
        </composite-id>
         <property name="codCmn" formula="COD_CMN"/>
         <property name="codPva" formula="COD_PVA"/>
         <property name="desInd" formula="DES_IND"/>
                    
    </class>
</hibernate-mapping>
