<?xml version="1.0"?>
<!DOCTYPE hibernate-mapping PUBLIC "-//Hibernate/Hibernate Mapping DTD 3.0//EN"
"http://hibernate.sourceforge.net/hibernate-mapping-3.0.dtd">
<!-- Generated Jul 25, 2012 10:18:11 AM by Hibernate Tools 3.4.0.CR1 -->
<hibernate-mapping>
    <class name="com.accenture.CCFarm.DAO.Idoneita" table="IDONEITA">
        <comment>Contiene le informazioni relative alle idoneit&#224;</comment>
        <id name="idDomandaIdon" type="string">
            <column name="ID_DOMANDA_IDON" length="41" />
            <generator class="assigned" />
        </id>
        <property name="flagIdoneitaSediIdoneita" type="string">
            <column name="FLAG_IDONEITA_SEDI_IDON" length="6">
                <comment>Flag per idoneit&#224; sedi farmaceutiche</comment>
            </column>
        </property>
        <property name="estremiIdoneita" type="string">
            <column name="N_IDONEITA" length="1000">
                <comment>Numero di idoneit&#224;</comment>
            </column>
        </property>
        <property name="dataIdoneita" type="date">
            <column name="DATA_IDONEITA" length="7">
                <comment>Data dell'idoneit&#224;</comment>
            </column>
        </property>
        <property name="rifIdoneitaNazionale" type="string">
            <column name="RIF_IDONEITA_NAZIONALE" length="1000">
                <comment>Flag per l'idoneit&#224; nazionale</comment>
            </column>
        </property>
        <property name="annoIdoneitaNazionale" type="string">
            <column name="ANNO_IDONEITA_NAZIONALE" length="10">
                <comment>Anno di idoneit&#224;</comment>
            </column>
        </property>
    </class>
</hibernate-mapping>
