<?xml version="1.0"?>
<!DOCTYPE hibernate-mapping PUBLIC "-//Hibernate/Hibernate Mapping DTD 3.0//EN"
"http://hibernate.sourceforge.net/hibernate-mapping-3.0.dtd">

<hibernate-mapping>
    <class name="com.accenture.CCFarm.DAO.Info" table="INFO">
        <id name="nomeCampo" type="string">
            <column name="NOME_CAMPO" length="50" />
            <generator class="assigned" />
        </id>
        <property name="help" type="string">
            <column name="HELP" length="300" />
        </property>
    </class>
</hibernate-mapping>