<?xml version="1.0"?>
<!DOCTYPE hibernate-mapping PUBLIC "-//Hibernate/Hibernate Mapping DTD 3.0//EN"
"http://hibernate.sourceforge.net/hibernate-mapping-3.0.dtd">
<hibernate-mapping>
    <class name="com.accenture.CCFarm.DAO.Interpello" table="INTERPELLO">
	    <composite-id name="id" class="com.accenture.CCFarm.DAO.InterpelloId">
            <key-property name="idInterpello" type="big_decimal">
                <column name="ID_INTERPELLO" />
            </key-property>
            <key-property name="codReg" type="string">
                <column name="COD_REG" length="3" />
            </key-property>
        </composite-id>
        <property name="dataInizio" type="java.sql.Timestamp">
            <column name="DATA_INIZIO" />
        </property>
        <property name="dataFine" type="java.sql.Timestamp">
            <column name="DATA_FINE" />
        </property>
        <property name="attoAmministrativo" type="blob">
            <column name="ATTO_AMMINISTRATIVO" />
        </property>
        <property name="stato" type="string">
            <column name="STATO" length="1">
            	 <comment>stato dell'interpello: D (predisposto ma non pubblicato) - P (pubblicato) - C (chiuso)</comment>
            </column>
        </property>
        <property name="numeroSedi" type="big_decimal">
            <column name="NUMERO_SEDI">
            	<comment>Numero delle sedi messe a disposizione per l'interpello corrente</comment>
            </column>
        </property>
        <property name="dataInizioAccettazione" type="java.sql.Timestamp">
            <column name="DATA_INIZIO_ACCETTAZIONE" />
        </property>
        <property name="dataFineAccettazione" type="java.sql.Timestamp">
            <column name="DATA_FINE_ACCETTAZIONE" />
        </property>
        <property name="statoAccettazione" type="string">
            <column name="STATO_ACCETTAZIONE" length="1">
            	 <comment>stato accettazione: D (predisposta ma non pubblicata) - P (pubblicata)</comment>
            </column>
        </property>
    </class>
</hibernate-mapping>
