<?xml version="1.0"?>
<!DOCTYPE hibernate-mapping PUBLIC "-//Hibernate/Hibernate Mapping DTD 3.0//EN"
"http://hibernate.sourceforge.net/hibernate-mapping-3.0.dtd">

<hibernate-mapping>
    <class name="com.accenture.CCFarm.DAO.LogAccessi" table="LOG_ACCESSI">
        <comment>Contiene le informazioni relative login;</comment>
        <id name="idLog" type="string">
            <column name="ID_LOG" length="11" />
            <generator class="assigned"/>
        </id>
        <property name="idUtente" type="string">
            <column name="ID_UTENTE" length="16" not-null="true" />
        </property>
        <property name="logAccesso" type="java.sql.Timestamp">
            <column name="ACCESSO" length="18" not-null="true" />
        </property>
        
     </class>
</hibernate-mapping>