<?xml version="1.0"?>
<!DOCTYPE hibernate-mapping PUBLIC "-//Hibernate/Hibernate Mapping DTD 3.0//EN"
"http://hibernate.sourceforge.net/hibernate-mapping-3.0.dtd">

<hibernate-mapping>
    <class name="com.accenture.CCFarm.DAO.Nazione" table="NAZIONI">
        <id name="idNazione" type="int">
            <column name="ID_NAZIONE" length="1" />
            <generator class="assigned" />
        </id>
        <property name="codIsoNazione" type="string">
            <column name="COD_ISO_NAZIONE" length="2" />
        </property>
        <property name="dscIsoNazione" type="string">
            <column name="DSC_ISO_NAZIONE" length="50" />
        </property>
        <property name="dscNazioneEstesa" type="string">
            <column name="DSC_NAZ_ESTESA" length="100" />
        </property>
        <property name="flagStatoUe" type="string">
            <column name="FLG_STATO_UE" length="1" />
        </property>
        <property name="dataInizioVal" type="date">
            <column name="DATA_INI_VAL" length="7" />
        </property>
        <property name="dataFineVal" type="date">
            <column name="DATA_FIN_VAL" length="7" />
        </property>
        <property name="dscNazioneEstesaDe" type="string">
            <column name="DSC_NAZ_ESTESA_DE" length="100" />
        </property>
    </class>
</hibernate-mapping>