<?xml version="1.0"?>
<!DOCTYPE hibernate-mapping PUBLIC "-//Hibernate/Hibernate Mapping DTD 3.0//EN"
"http://hibernate.sourceforge.net/hibernate-mapping-3.0.dtd">
<!-- Generated Jul 25, 2012 10:18:11 AM by Hibernate Tools 3.4.0.CR1 -->
<hibernate-mapping>
    <class name="com.accenture.CCFarm.DAO.RegioneDatiBando" table="REGIONI">
        <id name="codReg" type="string">
            <column name="COD_REG" length="3" />
            <generator class="assigned" />
        </id>
        <property name="denominazioneReg" type="string">
            <column name="DENOMINAZIONE_REG" length="40" />
        </property>
          <property name="nomeRegFile" type="string">
            <column name="NOME_REG_FILE" length="40" />
        </property>
        
        <one-to-one name="datiBando"  class="com.accenture.CCFarm.DAO.DatiBando" ></one-to-one> 
        
    </class>
</hibernate-mapping>
