<?xml version="1.0"?>
<!DOCTYPE hibernate-mapping PUBLIC "-//Hibernate/Hibernate Mapping DTD 3.0//EN"
"http://hibernate.sourceforge.net/hibernate-mapping-3.0.dtd">
<!-- Generated Jul 25, 2012 10:18:11 AM by Hibernate Tools 3.4.0.CR1 -->
<hibernate-mapping>
    <class name="com.accenture.CCFarm.DAO.RequisitiMinimi" table="REQUISITI_MINIMI">
        <comment>Contiene i requisiti minimi per l'idoneit&#224; al concorso</comment>
        <id name="idDomandaReq" type="string">
            <column name="ID_DOMANDA_REQ" length="41" />
            <generator class="assigned" />
        </id>
        <property name="codTipoLaurea" type="string">
            <column name="COD_TIPO_LAUREA" length="50">
                <comment>Codice del tipo di laurea</comment>
            </column>
        </property>
        <property name="descrUniversita" type="string">
            <column name="DESCR_UNIVERSITA" length="100">
                <comment>Universit&#224; presso cui &#232; stata conseguita la laurea</comment>
            </column>
        </property>
        <property name="luogoLaurea" type="string">
            <column name="LUOGO_LAUREA" length="50">
                <comment>Luogo dell'Universit&#224; presso cui &#232; stata conseguita la laurea</comment>
            </column>
        </property>
        <property name="dataLaurea" type="date">
            <column name="DATA_LAUREA" length="7">
                <comment>Data di conseguimento della laurea</comment>
            </column>
        </property>
        <property name="votoLaurea" type="string">
            <column name="VOTO_LAUREA" length="10">
                <comment>Voto di laurea</comment>
            </column>
        </property>
        <property name="baseVotoLaurea" type="string">
            <column name="BASE_VOTO_LAUREA" length="10">
                <comment>Base del voto di laurea</comment>
            </column>
        </property>
        <property name="flagLode" type="string">
            <column name="FLAG_LODE" length="5">
                <comment>Flag per la lode</comment>
            </column>
        </property>
        <property name="annoAbilitazione" type="string">
            <column name="ANNO_ABILITAZIONE" length="10">
                <comment>Anno di abilitazione</comment>
            </column>
        </property>
        <property name="descrUniAbilitazione" type="string">
            <column name="DESCR_UNI_ABILITAZIONE" length="100">
                <comment>Universit&#224; presso cui &#232; stata conseguita l'abilitazione alla professione</comment>
            </column>
        </property>
        <property name="votoAbilitazione" type="string">
            <column name="VOTO_ABILITAZIONE" length="10">
                <comment>Voto dell'abilitazione</comment>
            </column>
        </property>
        <property name="baseVotoAbilitazione" type="string">
            <column name="BASE_VOTO_ABILITAZIONE" length="10">
                <comment>Base dle voto di abilitazione</comment>
            </column>
        </property>
        <property name="luogoUniAbilitazione" type="string">
            <column name="LUOGO_ABILITAZIONE" length="50">
                <comment>Luogo dell'Universit&#224; presso cui &#232; stata conseguita l'abilitazione alla professione</comment>
            </column>
        </property>
        <property name="nazioneAbilitazione" type="string">
            <column name="NAZIONE_ABILITAZIONE" length="50">
                <comment>Nazione dell'Universit&#224; presso cui &#232; stata conseguita l'abilitazione alla professione</comment>
            </column>
        </property>
        <property name="estremiAbilitazioneEstera" type="string">
            <column name="ESTREMI_ABILITAZIONE" length="100">
                <comment>Estremi del provvedimento di riconoscimento del Ministero della salute per lauree ed abilitazioni conseguite all'estero</comment>
            </column>
        </property>
        <property name="flagIscrizioneAlbo" type="string">
            <column name="FLAG_ISCRIZIONE_ALBO" length="5">
                <comment>Flag che indica l'iscrizione all'albo professionale</comment>
            </column>
        </property>
        <property name="prvAlbo" type="string">
            <column name="PRV_ALBO" length="3">
                <comment>Provincia dell'albo a cui il candidato si &#232; iscritto la prima volta</comment>
            </column>
        </property>
        
        <property name="prvAttualeAlbo" type="string">
            <column name="PRV_ATTUALE_ALBO" length="3">
                <comment>Provincia dell'albo a cui il candidato &#232; iscritto attualmente</comment>
            </column>
        </property>
        
        <property name="dataAlbo" type="date">
            <column name="DATA_ALBO" length="7">
                <comment>Data di iscrizione all'albo</comment>
            </column>
        </property>
        <property name="NAlbo" type="string">
            <column name="N_ALBO" length="20">
                <comment>Numero dell'albo a cui il candidato &#232; iscritto</comment>
            </column>
        </property>
        <property name="fattispecieAppartenenza" type="string">
            <column name="FATTISPECIE_APPARTENENZA" length="2">
                <comment>Fattispecie di appartenenza</comment>
            </column>
        </property>
        <property name="attestato" type="string">
            <column name="ATTESTATO_BOLZANO" length="2">
                <comment>Attestato conoscenza lingue ()Bolzano)</comment>
            </column>
        </property>
        <property name="flagNnCondannePenali" type="string">
            <column name="FLAG_NN_CONDANNE_PENALI" length="5">
                <comment>Flag di dichiarazione di non aver subito condanne penali</comment>
            </column>
        </property>
        <property name="flagNnCessioneFarm" type="string">
            <column name="FLAG_NN_CESSIONE_FARM" length="5">
                <comment>Flag di dichiarazione per non aver ceduto la propria farmacia negli ultimi 10 anni</comment>
            </column>
        </property>
        <property name="flagNnPartecipazioneMultipla" type="string">
            <column name="FLAG_NN_PART_MULTIPLA" length="5">
                <comment>Flag di dichiarazione per la partecipazione a non piu' di 2 concorsi straordinari</comment>
            </column>
        </property>
        <property name="createdByReq" type="string">
            <column name="CREATED_BY_REQ" length="100" not-null="true">
                <comment>Indica l'utente che ha creato il record</comment>
            </column>
        </property>
        <property name="creationDateReq" type="java.sql.Timestamp">
            <column name="CREATION_DATE_REQ" not-null="true">
                <comment>Indica il timestamp della creazione del record</comment>
            </column>
        </property>
        <property name="lastUpdatedByReq" type="string">
            <column name="LAST_UPDATED_BY_REQ" length="100" not-null="true">
                <comment>Indica l'utente che ha modificato il record per l'ultima volta</comment>
            </column>
        </property>
        <property name="lastUpdateDateReq" type="java.sql.Timestamp">
            <column name="LAST_UPDATE_DATE_REQ" not-null="true">
                <comment>Indica il timestamp dell'ultimo aggiornamento del record</comment>
            </column>
        </property>
    </class>
</hibernate-mapping>
