<?xml version="1.0"?>
<!DOCTYPE hibernate-mapping PUBLIC "-//Hibernate/Hibernate Mapping DTD 3.0//EN"
"http://hibernate.sourceforge.net/hibernate-mapping-3.0.dtd">
<!-- Generated 7-set-2012 11.48.05 by Hibernate Tools 3.4.0.CR1 -->
<hibernate-mapping>
    <class name="com.accenture.CCFarm.DAO.RicevuteTest" table="RICEVUTE_TEST">
    	<id name="idCandidatura" type="string">
            <column name="ID_CANDIDATURA" length="10" />
            <generator class="assigned" />
        </id>	       
        <property name="idRegione" type="string">
            <column name="ID_REGIONE" length="5" />
        </property>
        <property name="contenutoFile" type="binary">
            <column name="CONTENUTO_FILE" />
        </property>
        <property name="flagRuoloNull" type="string">
            <column name="FLAG_RUOLO_NULL" length="1" />
        </property>
    </class>
</hibernate-mapping>
