<?xml version="1.0"?>
<!DOCTYPE hibernate-mapping PUBLIC "-//Hibernate/Hibernate Mapping DTD 3.0//EN"
"http://hibernate.sourceforge.net/hibernate-mapping-3.0.dtd">
<!-- Generated Jul 25, 2012 10:18:11 AM by Hibernate Tools 3.4.0.CR1 -->
<hibernate-mapping>
    <class name="com.accenture.CCFarm.DAO.Specializzazione" table="SPECIALIZZAZIONE">
        <comment>Contiene le informazioni relative alle specializzazioni conseguite</comment>
        <id name="idSpecializzazione" type="string">
            <column name="ID_SPECIALIZZAZIONE" length="41" />
            <generator class="assigned" />
        </id>
        <property name="idDomandaSpec" type="string">
            <column name="ID_DOMANDA_SPEC" length="41" not-null="true">
                <comment>Identificativo della domanda</comment>
            </column>
        </property>           
        <property name="denominazioneSpec" type="string">
            <column name="DENOMINAZIONE_SPEC" length="400" not-null="true">
                <comment>Denominazione specializzazione</comment>
            </column>
        </property>
        <property name="luogoSpec" type="string">
            <column name="LUOGO_SPEC" length="50" not-null="true">
                <comment>Luogo specializzazione</comment>
            </column>
        </property>
        <property name="nazioneSpec" type="string">
            <column name="NAZIONE_SPEC" length="50" not-null="true">
                <comment>Nazione specializzazione</comment>
            </column>
        </property>
        <property name="flagEsteroSpec" type="string">
            <column name="FLAG_ESTERO" length="2" not-null="true">
                <comment>Estera/privata</comment>
            </column>
        </property>
        <property name="descrUniversitaSpec" type="string">
            <column name="DESCR_UNIVERSITA_SPEC" length="50">
                <comment>Universit&#224; presso cui &#232; stata conseguita la specializzazione</comment>
            </column>
        </property>
        <property name="descrFacoltaSpec" type="string">
            <column name="DESCR_FACOLTA_SPEC" length="50">
                <comment>Facolt&#224; in cui &#232; stata conseguita la specializzazione</comment>
            </column>
        </property>
        <property name="durataSpec" type="string">
            <column name="DURATA_SPEC" length="10">
                <comment>Durata corso di specializzazione</comment>
            </column>
        </property>
    </class>
</hibernate-mapping>
