<?xml version="1.0"?>
<!DOCTYPE hibernate-mapping PUBLIC "-//Hibernate/Hibernate Mapping DTD 3.0//EN"
"http://hibernate.sourceforge.net/hibernate-mapping-3.0.dtd">

<hibernate-mapping>
    <class name="com.accenture.CCFarm.DAO.StoricoPecMail" table="STORICO_PEC_MAIL" >
        <composite-id name="idKey" class="com.accenture.CCFarm.DAO.StoricoPecMailId">
            <key-property name="idUtente" type="string">
                <column name="ID_UTENTE" length="41" />
            </key-property>
            <key-property name="progressivo" type="big_decimal">
                <column name="PROGRESSIVO" precision="4" scale="0" />
            </key-property>
         </composite-id>
        
        <property name="oldPecMail" type="string">
            <column name="OLD_MAIL" length="100" />
        </property>
        
        <property name="newPecMail" type="string">
            <column name="NEW_MAIL" length="100" />
        </property>
        
 		<property name="dataOperazione" type="date">
            <column name="DATA_OPERAZIONE" length="7" />
        </property>
        
        <property name="statoAttivazione" type="string">
            <column name="STATO_ATTIVAZIONE" length="1" />
        </property>
        
     	<property name="idUtente" formula="ID_UTENTE"/>
        <property name="progressivo" formula="PROGRESSIVO"/>
      
    </class>
</hibernate-mapping>