<?xml version="1.0"?>
<!DOCTYPE hibernate-mapping PUBLIC "-//Hibernate/Hibernate Mapping DTD 3.0//EN"
"http://hibernate.sourceforge.net/hibernate-mapping-3.0.dtd">
<!-- Generated Jul 25, 2012 10:18:11 AM by Hibernate Tools 3.4.0.CR1 -->
<hibernate-mapping>
    <class name="com.accenture.CCFarm.DAO.ValoriCodice" table="VALORI_CODICE">
	    <composite-id name="idKey" class="com.accenture.CCFarm.DAO.ValoriCodiceId">
	        <key-property name="codice" type="string" column="CODICE"/>
	        <key-property name="tipoCodice" type="string" column="TIPO_CODICE"/>
	    </composite-id> 
       <property name="descrizione" type="string">
            <column name="DESCRIZIONE" length="100"/>
        </property>
        <property name="codice" formula="CODICE"/>
        <property name="tipoCodice" formula="TIPO_CODICE"/>
        <property name="descrizioneDe" type="string">
            <column name="DESCRIZIONE_DE" length="100"/>
        </property>
    </class>
</hibernate-mapping>
