<?xml version="1.0" encoding="ISO-8859-1"?>
<DATA-ACCESS>
	<DATE-FORMAT format="DD-MM-YYYY" />
	<TIMESTAMP-FORMAT format="DD-MM-YYYY hh:mm:ss" />
	<CONNECTION-POOL connectionPoolName="GAF" connectionPoolFactoryClass="com.engiweb.framework.dbaccess.factory.AppServerManagedConnectionPoolFactory" connectionPoolType="managed">
		<CONNECTION-POOL-PARAMETER parameterName="contextFactory" parameterType="" parameterValue="com.ibm.websphere.naming.WsnInitialContextFactory" />	
		<CONNECTION-POOL-PARAMETER parameterName="jndiName" parameterType="" parameterValue="jdbc/xxxx" />	
		<CONNECTION-POOL-PARAMETER parameterName="driverVersion" parameterType="" parameterValue="2.1" />
		<CONNECTION-POOL-PARAMETER parameterName="user" parameterType="" parameterValue="" />
		<CONNECTION-POOL-PARAMETER parameterName="userPassword" parameterType="" parameterValue="" />
		<CONNECTION-POOL-PARAMETER parameterName="passwordCipher" parameterValue="com.engiweb.framework.security.DefaultCipher" parameterType="" />
		<CONNECTION-POOL-PARAMETER parameterName="sqlMapperClass" parameterType="" parameterValue="com.engiweb.framework.dbaccess.sql.mappers.OracleSQLMapper" />
	</CONNECTION-POOL>	
	<CONNECTION-MANAGER>
		<REGISTER-POOL registeredPoolName="GAF" />
	</CONNECTION-MANAGER>
</DATA-ACCESS>