<?xml version="1.0" encoding="ISO-8859-1"?>
<SECURITY>
	<APPLICATION>CONCORSOFARMACIA</APPLICATION>
	<GLOBAL_SETTING>DISABLED</GLOBAL_SETTING>

	<ACTIONS_EXCLUDED_FROM_GLOBAL>
	</ACTIONS_EXCLUDED_FROM_GLOBAL>

	<PAGE_MODULES_EXCLUDED_FROM_GLOBAL>		
	</PAGE_MODULES_EXCLUDED_FROM_GLOBAL>
		
	<!-- Configurazioni per engiweb profile manager -->
	<AUTHENTICATION_HANDLER>com.engiweb.framework.security.profilemanager.EngiwebProfileManagerAuthenticationHandler</AUTHENTICATION_HANDLER>
	<AUTHORIZATION_HANDLER>com.engiweb.framework.security.profilemanager.EngiwebProfileManagerAuthorizationHandler</AUTHORIZATION_HANDLER>

	<ENGIWEBPM
		urlProvider="xxxx"
		PROVIDER_URL="xxxx"
		ctxInitialFactory="org.jnp.interfaces.NamingContextFactory"
		realm="xxxx"
		tokenSAML="xxxx"
		pmuser="xxxx"
		pmpassword="xxxx"
		pmapplication="xxxx" 
		/>

</SECURITY>