<?xml version="1.0"?>
<!DOCTYPE hibernate-mapping PUBLIC "-//Hibernate/Hibernate Mapping DTD 3.0//EN"
"http://hibernate.sourceforge.net/hibernate-mapping-3.0.dtd">
<!-- Generated 6-nov-2012 9.01.50 by Hibernate Tools 3.4.0.CR1 -->
<hibernate-mapping>
    <class name="com.accenture.CCFarm.DAO.AltraLaureaRegStorico" table="ALTRA_LAUREA_REG_STR">
        <comment>Contiene le informazioni relative agli altri titoli di studio</comment>
        
        <id name="idStorico" type="string">
			<column name="ID_STORICO" length="41" />
			<generator class="assigned" />
		</id> 

		<property name="miUtente" type="string"> 
			<column name="MI_UTENTE" length="41"> 
			<comment>Mi utente</comment> 
			</column> 
		</property> 

		<property name="dataUltimaModifica" type="java.sql.Timestamp"> 
			<column name="DATA_ULTIMA_MODIFICA" not-null="true"> 
			<comment>Data di creazione del record</comment> 
			</column>
		</property>        
        
        <property name="idDomandaLaurea" type="string">
            <column name="ID_DOMANDA_LAUREA" length="41" >
            </column>
        </property>        
        <property name="idSecondaLaurea" type="string">
            <column name="COD_ALTRA_LAUREA" length="50">
                <comment>Codice altra laurea</comment>
            </column>
        </property>
        <property name="flagEsteroSecondaLaurea" type="string">
            <column name="FLAG_ESTERO" length="2">
                <comment>Estera/privata</comment>
            </column>
        </property>
        <property name="descUniSecondaLaurea" type="string">
            <column name="DESCR_UNIVERSITA" length="50">
                <comment>Universit&#224; di conseguimento</comment>
            </column>
        </property>
        <property name="dataSecondaLaurea" type="date">
            <column name="DATA_TITOLO" length="7">
                <comment>Data di conseguimento</comment>
            </column>
        </property>
        <property name="luogoSecondaLaurea" type="string">
            <column name="LUOGO_UNIVERSITA_LAUREA" length="50">
                <comment>Localit&#224; dell'universit&#224;</comment>
            </column>
        </property>
        <property name="nazioneSecondaLaurea" type="string">
            <column name="COD_NAZIONE_LAUREA" length="50">
                <comment>Codice nazione dell'universit&#224;</comment>
            </column>
        </property>
         <property name="punteggio" type="big_decimal">
            <column name="PUNTEGGIO" precision="8" scale="4" />
        </property>
       </class>
</hibernate-mapping>
