<?xml version="1.0"?>
<!DOCTYPE hibernate-mapping PUBLIC "-//Hibernate/Hibernate Mapping DTD 3.0//EN"
"http://hibernate.sourceforge.net/hibernate-mapping-3.0.dtd">
<!-- Generated 6-nov-2012 12.23.40 by Hibernate Tools 3.4.0.CR1 -->
<hibernate-mapping>
    <class name="com.accenture.CCFarm.DAO.AltraLaureaBisRegStorico" table="ALTRA_LAUREA_BIS_REG_STR">
       <comment>Contiene le informazioni relative agli altri titoli di studio</comment>
        
        <id name="idStorico" type="string">
			<column name="ID_STORICO" length="41" />
			<generator class="assigned" />
		</id> 

		<property name="miUtente" type="string"> 
			<column name="MI_UTENTE" length="41"> 
			<comment>Mi utente</comment> 
			</column> 
		</property> 

		<property name="dataUltimaModifica" type="java.sql.Timestamp"> 
			<column name="DATA_ULTIMA_MODIFICA" not-null="true"> 
			<comment>Data di creazione del record</comment> 
			</column>
		</property>
        
        
        <property name="idSecondaLaureaBis" type="string">
            <column name="ID_ALTRA_LAUREA_BIS" length="41" >
            </column>
        </property>
        <property name="idAltraLaureaBis" type="string">
            <column name="COD_ALTRA_LAUREA_BIS" length="60">
                <comment>Codice altra laurea</comment>
            </column>
        </property>
        <property name="flagEsteroSecondaLaureaBis" type="string">
            <column name="FLAG_ESTERO" length="2">
                <comment>Estera/privata</comment>
            </column>
        </property>
        <property name="descUniSecondaLaureaBis" type="string">
            <column name="DESCR_UNIVERSITA_BIS" length="50">
                <comment>Universit&#224; di conseguimento</comment>
            </column>
        </property>
        <property name="dataSecondaLaureaBis" type="date">
            <column name="DATA_TITOLO_BIS" length="7">
                <comment>Data di conseguimento</comment>
            </column>
        </property>
        <property name="idDomandaLaureaBis" type="string">
            <column name="ID_DOMANDA_LAUREA_BIS" length="41">
                <comment>Identifi cativo della domanda</comment>
            </column>
        </property>
        <property name="luogoSecondaLaureaBis" type="string">
            <column name="LUOGO_UNIVERSITA_LAUREA_BIS" length="50">
                <comment>Localit&#224; dell'universit&#224;</comment>
            </column>
        </property>
        <property name="nazioneSecondaLaureaBis" type="string">
            <column name="COD_NAZIONE_LAUREA_BIS" length="50">
                <comment>Codice nazione dell'universit&#224;</comment>
            </column>
        </property>
       
         <property name="punteggio" type="big_decimal">
            <column name="PUNTEGGIO" precision="8" scale="4" />
        </property>
        
    </class>
</hibernate-mapping>
