<?xml version="1.0"?>
<!DOCTYPE hibernate-mapping PUBLIC "-//Hibernate/Hibernate Mapping DTD 3.0//EN"
"http://hibernate.sourceforge.net/hibernate-mapping-3.0.dtd">
<!-- Generated Aug 14, 2012 10:31:11 AM by Hibernate Tools 3.4.0.CR1 -->
<hibernate-mapping>
    <class name="com.accenture.CCFarm.DAO.Candidatura" table="CANDIDATURA">
        <id name="idUtente" type="string">
            <column name="ID_UTENTE" length="9" />
            <generator class="assigned" />
        </id>
        <property name="idCandidatura" type="string">
            <column name="ID_CANDIDATURA" length="10" not-null="true" />
        </property>
        <property name="modalitaCandidatura" type="string">
            <column name="MODALITA_CANDIDATURA" length="1" not-null="true" />
        </property>
        <property name="statoDomanda" type="string">
            <column name="STATO_DOMANDA" length="1" not-null="true" />
        </property>
        <property name="referenteDomanda" type="string">
            <column name="REFERENTE_DOMANDA" length="1" />
        </property>
        <property name="statoRegistrazione" type="string">
            <column name="STATO_REGISTRAZIONE" length="1" not-null="true" />
        </property>
        <property name="flgPrimoAccesso" type="string">
            <column name="FLG_PRIMO_ACCESSO" length="1" not-null="true" />
        </property>  
        
        <property name="flagRicevutaStampata" type="string">
            <column name="FLAG_RICEVUTA_STAMAPATA" length="1" not-null="true" />
        </property> 
        
        <property name="createdByCand" type="string">
            <column name="CREATED_BY_CAND" length="100" not-null="true">
                <comment>Indica l'utente che ha creato il record</comment>
            </column>
        </property>
        <property name="creationDateCand" type="java.sql.Timestamp">
            <column name="CREATION_DATE_CAND" not-null="true">
                <comment>Indica il timestamp della creazione del record</comment>
            </column>
        </property>
        <property name="lastUpdatedByCand" type="string">
            <column name="LAST_UPDATED_BY_CAND" length="100" not-null="true">
                <comment>Indica l'utente che ha modificato il record per l'ultima volta</comment>
            </column>
        </property>
        <property name="lastUpdateDateCand" type="java.sql.Timestamp">
            <column name="LAST_UPDATE_DATE_CAND" not-null="true">
                <comment>Indica il timestamp dell'ultimo aggiornamento del record</comment>
            </column>
        </property>
         <property name="dataInvioDomanda" type="date">
            <column name="DATA_INVIO_DOMANDA" length="7">
                <comment>Data in cui è stata inviata la domanda</comment>
            </column>
        </property>
    </class>
</hibernate-mapping>
