<?xml version="1.0"?>
<!DOCTYPE hibernate-mapping PUBLIC "-//Hibernate/Hibernate Mapping DTD 3.0//EN"
"http://hibernate.sourceforge.net/hibernate-mapping-3.0.dtd">

<hibernate-mapping>
	<class name="com.accenture.CCFarm.DAO.CandidaturaSedi" table="CANDIDATURA_SEDI">
		<composite-id name="id" class="com.accenture.CCFarm.DAO.CandidaturaSediId">
            <key-property name="idCandidatura" type="string">
                <column name="ID_CANDIDATURA" length="20" />
            </key-property>
            <key-property name="idFarm" type="string">
                <column name="ID_FARM" length="20" />
            </key-property>
        </composite-id>
		<property name="ordineScelta" type="big_decimal">
            <column name="ORDINE_SCELTA" precision="8" scale="0" />
        </property>
        <property name="flagAssociata" type="string">
            <column name="FLAG_ASSOCIATA" length="5" />
        </property>
        <property name="flagConfermata" type="string">
            <column name="FLAG_CONFERMATA" length="5" />
        </property>
         <property name="excludedDate" type="java.sql.Timestamp">
            <column name="EXCLUDED_DATE">
                <comment>Data di nascita del candidato</comment>
            </column>
        </property> 
	</class>
</hibernate-mapping>