<?xml version="1.0"?>
<!DOCTYPE hibernate-mapping PUBLIC "-//Hibernate/Hibernate Mapping DTD 3.0//EN"
"http://hibernate.sourceforge.net/hibernate-mapping-3.0.dtd">

<hibernate-mapping>
    <class name="com.accenture.CCFarm.DAO.Comune" table="COMUNI">
        <id name="codiceComune" type="string">
            <column name="CODICE_COMUNE" length="100" />
            <generator class="assigned" />
        </id>
        <property name="denominazioneEstesa" type="string">
            <column name="DENOMINAZIONE_ESTESA" length="100" />
        </property>
        <property name="denominazione" type="string">
            <column name="DENOMINAZIONE" length="100" />
        </property>
        <property name="codiceProvincia" type="string">
            <column name="CODICE_PROVINCIA" length="100" />
        </property>
    </class>
</hibernate-mapping>