<?xml version="1.0"?>
<!DOCTYPE hibernate-mapping PUBLIC "-//Hibernate/Hibernate Mapping DTD 3.0//EN"
"http://hibernate.sourceforge.net/hibernate-mapping-3.0.dtd">
<!-- Generated Jul 25, 2012 10:18:11 AM by Hibernate Tools 3.4.0.CR1 -->
<hibernate-mapping>
    <class name="com.accenture.CCFarm.DAO.CorsoAggiornamentoRegStorico" table="CORSO_AGGIORNAMENTO_REG_STR">
        <comment>Contiene le informazioni relative ai corsi di aggiornamento non ECM</comment>
        <composite-id name="id" class="com.accenture.CCFarm.DAO.CorsoAggiornamentoRegStoricoId">
            <key-property name="idStorico" type="string">
                <column name="ID_STORICO" length="41" />
            </key-property>
            <key-property name="idCorsoAgg" type="string">
                <column name="ID_CORSO_AGG" length="41" />
            </key-property>
        </composite-id>
        <property name="miUtente" type="string">
            <column name="MI_UTENTE" length="41">
            	<comment>Mi utente</comment>
             </column>	
        </property>
        <property name="dataUltimaModifica" type="java.sql.Timestamp">
            <column name="DATA_ULTIMA_MODIFICA" not-null="true">
                <comment>Data di creazione del record</comment>
            </column>
        </property>
        
        <property name="idDomandaAgg" type="string">
            <column name="ID_DOMANDA_AGG" length="41">
                <comment>Identificativo della domanda</comment>
            </column>
        </property>
        <property name="titoloCorsoAgg" type="string">
            <column name="DESCR_TITOLO_AGG" length="50">
                <comment>Titolo del corso</comment>
            </column>
        </property>
        <property name="flagEsteroCorsoAgg" type="string">
            <column name="FLAG_ESTERO" length="2" not-null="true">
                <comment>Estera/privata</comment>
            </column>
        </property>
        <property name="organizzatoCorsoAgg" type="string">
            <column name="DESCR_ENTE_AGG" length="50">
                <comment>Nome dell'ente del corso</comment>
            </column>
        </property>
        <property name="dataInizioCorsoAgg" type="date">
            <column name="DATA_INIZIO_CORSO" length="7">
                <comment>Data di inizio del corso di agg</comment>
            </column>
        </property>
        <property name="dataFineCorsoAgg" type="date">
            <column name="DATA_FINE_CORSO" length="7">
                <comment>Data di fine del corso di agg</comment>
            </column>
        </property>
        <property name="totOreCorsoAgg" type="string">
            <column name="TOT_ORE_AGG" length="10">
                <comment>Totale delle ore del corso</comment>
            </column>
        </property>
        <property name="dichiarazioneCorsoAgg" type="string">
            <column name="COD_DICHIARAZIONE_AGG" length="50">
                <comment>Codice di dichiarazione</comment>
            </column>
        </property>
        <property name="punteggio" type="big_decimal">
            <column name="PUNTEGGIO" precision="8" scale="4" />
        </property>
    
    </class>
</hibernate-mapping>
