<?xml version="1.0"?>
<!DOCTYPE hibernate-mapping PUBLIC "-//Hibernate/Hibernate Mapping DTD 3.0//EN"
"http://hibernate.sourceforge.net/hibernate-mapping-3.0.dtd">
<!-- Generated 6-nov-2012 10.27.55 by Hibernate Tools 3.4.0.CR1 -->
<hibernate-mapping>
    <class name="com.accenture.CCFarm.DAO.CriteriPunteggi" table="CRITERI_PUNTEGGI">
    
    	<composite-id name="id" class="com.accenture.CCFarm.DAO.CriteriPunteggiId">
            <key-property name="idRegione" type="string">
                <column name="ID_REGIONE" length="3" />
            </key-property>
            <key-property name="tipoTitolo" type="string">
                <column name="TIPO_TITOLO" length="20" />
            </key-property>
           	<key-property name="voto" type="string">
                <column name="VOTO" length="20" />
            </key-property>
        </composite-id>
        
        <property name="punteggio" type="java.math.BigDecimal">
            <column name="PUNTEGGIO" />
        </property>
        <property name="stato" type="java.lang.String">
            <column name="STATO" />
        </property>
        
        <property name="idRegione" formula="ID_REGIONE"/>
        <property name="tipoTitolo" formula="TIPO_TITOLO"/>
        <property name="voto" formula="VOTO"/>
        
    </class>
</hibernate-mapping>
