<?xml version="1.0"?>
<!DOCTYPE hibernate-mapping PUBLIC "-//Hibernate/Hibernate Mapping DTD 3.0//EN"
"http://hibernate.sourceforge.net/hibernate-mapping-3.0.dtd">
<!-- Generated Jul 25, 2012 10:18:11 AM by Hibernate Tools 3.4.0.CR1 -->
<hibernate-mapping>
       <class name="com.accenture.CCFarm.DAO.DatiBando" table="DATI_BANDO">
        <id name="codReg" type="string">
            <column name="COD_REG" length="3" />
            <generator class="assigned" />
        </id>
        <property name="dataInizioBando" type="date">
            <column name="DATA_INIZIO_BANDO" length="7" >
                <comment>Data di inzio del concorso</comment>
            </column>
        </property>
        <property name="dataFineBando" type="java.util.Date">
            <column name="DATA_FINE_BANDO" length="7" >
                <comment>Data di fine del concorso</comment>
            </column>
        </property>
        <property name="sediBando" type="java.lang.Short">
            <column name="SEDI_BANDO" precision="3" scale="0">
                <comment>Numero di sedi disponibili</comment>
            </column>
        </property>
        <property name="ufficioBando" type="string">
            <column name="UFFICIO_BANDO" length="100">
                <comment>Ufficio responsabile</comment>
            </column>
        </property>
        <property name="telefonoBando" type="string">
            <column name="TELEFONO_BANDO" precision="100" scale="0">
                <comment>Telefono</comment>
            </column>
        </property>
        <property name="mailBando" type="string">
            <column name="MAIL_BANDO" length="100">
                <comment>Mail</comment>
            </column>
        </property>
        <property name="disponibilitaBando" type="string">
            <column name="DISPONIBILITA_BANDO" length="200">
                <comment>Disponibilita'</comment>
            </column>
        </property>
        <property name="fileBando" type="blob">
            <column name="FILE_BANDO">
                <comment>File PDF del Bando</comment>
            </column>
        </property>
        <property name="createdByBando" type="string">
            <column name="CREATED_BY_BANDO" length="100" not-null="true">
                <comment>Utente di creazione del record</comment>
            </column>
        </property>
        <property name="creationDateBando" type="java.sql.Timestamp">
            <column name="CREATION_DATE_BANDO" not-null="true">
                <comment>Data di creazione del record</comment>
            </column>
        </property>
        <property name="lastUpdatedByBando" type="string">
            <column name="LAST_UPDATED_BY_BANDO" length="100" not-null="true">
                <comment>Utente di aggiornamento del record</comment>
            </column>
        </property>
        <property name="lastUpdateDateBando" type="java.sql.Timestamp">
            <column name="LAST_UPDATE_DATE_BANDO" not-null="true">
                <comment>Data di aggiornamento del record</comment>
            </column>
        </property>
        <property name="fileSedi" type="clob">
            <column name="FILE_SEDI">
                <comment>File CSV delle sedi del Bando</comment>
            </column>
        </property>
        <property name="stato" type="string">
            <column name="STATO" length="1" not-null="true">
                <comment>Stato del Bando: 0=Non Validato; 1=Validato</comment>
            </column>
        </property>
        <property name="contributoPartecipazione" type="string">
            <column name="CONTRIBUTO_PARTECIPAZIONE" length="1">
                <comment>Contributo di partecipazione al concorso</comment>
            </column>
        </property>
        <property name="estremiPagamento" type="string">
            <column name="ESTREMI_PAGAMENTO" length="30">
                <comment>Estremi e informazioni relative al pagamento</comment>
            </column>
        </property>
        <property name="dataInizioCorsi" type="date">
            <column name="DATA_INIZIO_CORSI" length="7">
                <comment>Data inizio intervallo di validita' per i corsi di aggiornamento che il candidato puo inserire a domanda</comment>
            </column>
        </property>
        <property name="dataFineCorsi" type="date">
            <column name="DATA_FINE_CORSI" length="7">
                <comment>Data fine intervallo di validita' per i corsi di aggiornamento che il candidato puo inserire a domanda</comment>
            </column>
        </property>
        <property name="dataInizioPubblicazioni" type="date">
            <column name="DATA_INIZIO_PUBBLICAZIONI" length="7">
                <comment>Data inizio di pubblicazione della domanda del candidato</comment>
            </column>
        </property>
        <property name="dataFinePubblicazioni" type="date">
            <column name="DATA_FINE_PUBBLICAZIONI" length="7">
                <comment>Data fine di pubblicazione della domanda del candidato</comment>
            </column>
        </property>
        <property name="dataPubblicazioneBando" type="date">
            <column name="DATA_PUBBLICAZIONE_BANDO" length="7" >
                <comment>Data di pubblicazione del Bando</comment>
            </column>
        </property>
        <property name="indirizzoSitoRegionale" type="string">
            <column name="INDIRIZZO_SITO_REGIONALE" length="200" >
                <comment>Url del sito regionale</comment>
            </column>
        </property>
        <property name="flgPrecalcolato" type="string">
            <column name="FLAG_PRECALCOLATA" length="5" >
                <comment>true indica che il bando è stato gia calcolato dal batch</comment>
            </column>
        </property>
        <property name="flgScarti" type="string">
            <column name="FLAG_SCARTI" length="5" >
                <comment>true bando con eccezioni in fase di calcolo </comment>
            </column>
        </property>
        <property name="flgPrenota" type="string">
            <column name="FLAG_PRENOTA" length="5" >
                <comment>true se la commissione ha prenotato il calcolo regione non elaborata</comment>
            </column>
        </property>
         <property name="flgAbilitaGrad" type="string">
            <column name="FLAG_ABILITA_GRADUATORIA" length="5" >
                <comment>true se la commissione ha prenotato il calcolo regione non elaborata</comment>
            </column>
        </property>
        <property name="flgValidaGrad" type="string">
            <column name="FLAG_VALIDA_GRADUATORIA" length="5" >
                <comment>true se la commissione ha prenotato il calcolo regione non elaborata</comment>
            </column>
        </property>
         
        <property name="flagGeneraZIP" type="string">
            <column name="FLAG_GENERA_ZIP" length="5" >
                <comment>true se la commissione ha prenotato il calcolo regione non elaborata</comment>
            </column>
        </property>
        <property name="flagSendMailPubb" type="string">
            <column name="FLAG_SEND_MAIL_PUBB" length="5" >
                <comment>true se la commissione ha prenotato il calcolo regione non elaborata</comment>
            </column>
        </property>
        
        <property name="progTipoGraduatoria" type="big_decimal">
            <column name="PROG_TIPO_GRADUATORIA" precision="4" scale="0">
                <comment>true se la commissione ha prenotato il calcolo regione non elaborata</comment>
            </column>
        </property>
        <property name="flgAbilitaCaricaSedi" type="string">
            <column name="ABILITA_CARICA_SEDI" length="5" >
                <comment>true indica che il pulsante carica sedi è sbloccato</comment>
            </column>
        </property>
        <property name="flagInvioInviti" type="string">
            <column name="FLAG_INVIO_INVITI" length="5" >
                <comment>true se la commissione ha predisposto la graduatoria e l'interpello</comment>
            </column>
        </property>
         <property name="flagAbbinamentoSedi" type="string">
            <column name="FLAG_ABBINAMENTO_SEDI" length="10" >
                <comment>indica l'esito di abbinamento automatico delle sedi: AVVIATO - TERMINATO - ERRORE</comment>
            </column>
        </property>
        <property name="flagMancataRispInterpello" type="string">
            <column name="FLAG_MANCATA_RISP_INTERPELLO" length="5" >
                <comment>true se la commissione ha predisposto la graduatoria e l'interpello</comment>
            </column>
        </property>
        <property name="flagInvioAccettazioneSedi" type="string">
            <column name="FLAG_INVIO_ACCETTAZIONE_SEDI" length="5" >
                <comment>true se la commissione ha predisposto l'accettazione sedi</comment>
            </column>
        </property>
        <property name="flagMancataAccettazSede" type="string">
            <column name="FLAG_MANCATA_ACCETTAZ_SEDE" length="5" >
                <comment>true se la commissione ha predisposto l'accettazione sedi</comment>
            </column>
        </property>
        <property name="dataPubblicazioneSedi" type="java.sql.Timestamp">
            <column name="DATA_PUBBLICAZIONE_SEDI" />
        </property>
        <property name="sediCaricate" type="java.lang.Short">
            <column name="SEDI_CARICATE" precision="3" scale="0">
                <comment>Numero di sedi disponibili</comment>
            </column>
        </property>
        
    </class>
</hibernate-mapping>