<?xml version="1.0"?>
<!DOCTYPE hibernate-mapping PUBLIC "-//Hibernate/Hibernate Mapping DTD 3.0//EN"
"http://hibernate.sourceforge.net/hibernate-mapping-3.0.dtd">
<!-- Generated Jul 25, 2012 10:18:11 AM by Hibernate Tools 3.4.0.CR1 -->
<hibernate-mapping>
    <class name="com.accenture.CCFarm.DAO.DichiarazioneSostitutivaRegStorico" table="DICH_SOSTITUTIVA_REG_STR">
        <comment>Contiene le informazioni relative alla dichiarazione di conformit&#224;</comment>
        
        <id name="idStorico" type="string">
            <column name="ID_STORICO" length="41" />
            <generator class="assigned" />
        </id>
        <property name="miUtente" type="string">
            <column name="MI_UTENTE" length="41">
            	<comment>Mi utente</comment>
             </column>	
        </property>
        <property name="dataUltimaModifica" type="java.sql.Timestamp">
            <column name="DATA_ULTIMA_MODIFICA" not-null="true">
                <comment>Data di creazione del record</comment>
            </column>
        </property>
        
        <property name="idDomandaDic" type="string">
            <column name="ID_DOMANDA_DIC" length="41" />
        </property>  
        
        <!--  
        <property name="elencoDocumenti" type="string">
            <column name="ELENCO_DOC" length="4000">
                <comment>Elenco dei documenti che saranno spediti</comment>
            </column>
        </property>
        -->
        
        <property name="cro" type="string">
            <column name="CRO" length="40">
                <comment>CRO</comment>
            </column>
        </property>
        <property name="iban" type="string">
            <column name="IBAN" length="40">
                <comment>IBAN</comment>
            </column>
        </property>
       <property name="flagDichiarazione" type="string">
            <column name="FLAG_CONF_DOC_DIC" length="5">
                <comment>Flag per la dichiarazione di conformit&#224; dei doc inviati</comment>
            </column>
        </property>
        <property name="numeroUffPostale" type="string">
            <column name="NUM_UFF_POSTALE" length="100">
                <comment>Numero ufficio postale</comment>
            </column>
        </property>
         <property name="progressivoOperazione" type="string">
            <column name="PROGR_OPERAZIONE" length="100">
                <comment>Progressivo operazione</comment>
            </column>
        </property>
        <property name="dataOperazione" type="date">
            <column name="DATA_OPERAZIONE" length="7">
                <comment>Data operazione</comment>
            </column>
        </property>
        <property name="dataVersamento" type="date">
            <column name="DATA_VERSAMENTO" length="7">
                <comment>Data versamento</comment>
            </column>
        </property>
        <property name="docPervenuta" type="string">
            <column name="DOC_PERVENUTA" length="10">
                <comment>Documentazione pervenuta</comment>
            </column>
        </property>
        <property name="noteComm" type="clob">
            <column name="NOTE_COMMISSIONE">
              	<comment>Note commissione</comment>
           	</column>
         </property>       
    </class>
</hibernate-mapping>
