<?xml version="1.0"?>
<!DOCTYPE hibernate-mapping PUBLIC "-//Hibernate/Hibernate Mapping DTD 3.0//EN"
"http://hibernate.sourceforge.net/hibernate-mapping-3.0.dtd">
<!-- Generated Jul 25, 2012 10:18:11 AM by Hibernate Tools 3.4.0.CR1 -->
<hibernate-mapping>
    <class name="com.accenture.CCFarm.DAO.DocumentoReg" table="DOCUMENTI_REG">
        <comment>Contiene le informazioni relative ai documenti da allegare alla domanda</comment>
        <id name="idDocumento" type="string">
            <column name="ID_DOCUMENTO" length="41" />
            <generator class="assigned" />
        </id>
        <property name="idDomandaDocumento" type="string">
            <column name="ID_DOMANDA_DOCUMENTO" length="41" not-null="true">
                <comment>Identificativo della domanda</comment>
            </column>
        </property>
        <property name="tipoDocumento" type="string">
            <column name="TIPO_DOCUMENTO" length="4000" >
                <comment>Tipo documento</comment>
            </column>
        </property>
    </class>
</hibernate-mapping>
