<?xml version="1.0"?>
<!DOCTYPE hibernate-mapping PUBLIC "-//Hibernate/Hibernate Mapping DTD 3.0//EN"
"http://hibernate.sourceforge.net/hibernate-mapping-3.0.dtd">
<!-- Generated Jul 25, 2012 10:18:11 AM by Hibernate Tools 3.4.0.CR1 -->
<hibernate-mapping>
    <class name="com.accenture.CCFarm.DAO.DottoratoReg" table="DOTTORATO_REG">
        <comment>Contiene le informazioni relative alle borse di studio o dottorati conseguite</comment>
        <id name="idDottorato" type="string">
            <column name="ID_DOTTORATO" length="41" />
            <generator class="assigned" />
        </id>
        <property name="idDomandaDottorato" type="string">
            <column name="ID_DOMANDA_DOTTORATO" length="41" not-null="true">
                <comment>Identificativo della domanda</comment>
            </column>
        </property>
        <property name="flagEsteroDottorato" type="string">
            <column name="FLAG_ESTERO" length="2" not-null="true">
                <comment>Estera/privata</comment>
            </column>
        </property>
        <property name="denominazioneDottorato" type="string">
            <column name="MATERIA_DOTTORATO" length="50">
                <comment>Materia in cui &#232; stata conseguita la borsa di studio o dottorato</comment>
            </column>
        </property>
        <property name="descrUniversitaDottorato" type="string">
            <column name="DESCR_UNIVERSITA_DOTTORATO" length="50">
                <comment>Universit&#224; presso cui &#232; stata conseguita la borsa di studio o dottorato</comment>
            </column>
        </property>
        <property name="descrFacoltaDottorato" type="string">
            <column name="DESCR_FACOLTA_DOTTORATO" length="50">
                <comment>Facolt&#224; in cui &#232; stata conseguita la borsa di studio o dottorato</comment>
            </column>
        </property>
        <property name="dataInizioDottorato" type="date">
            <column name="DATA_INIZIO_DOTTORATO" length="7">
                <comment>Data di inizio del corso di borsa di studio o dottorato</comment>
            </column>
        </property>
        <property name="dataFineDottorato" type="date">
            <column name="DATA_FINE_DOTTORATO" length="7">
                <comment>Data di fine del corso di borsa di studio o dottorato</comment>
            </column>
        </property>
		<property name="luogoDottorato" type="string">
            <column name="LUOGO_DOTTORATO" length="50">
                <comment>Luogo in cui &#232; stata conseguita la borsa di studio o dottorato</comment>
            </column>
        </property>
        <property name="nazioneDottorato" type="string">
            <column name="NAZIONE_DOTTORATO" length="50">
                <comment>Nazione in cui &#232; stata conseguita la borsa di studio o dottorato</comment>
            </column>
        </property>
        <property name="punteggio" type="big_decimal">
            <column name="PUNTEGGIO" precision="8" scale="4" />
        </property>
        <property name="flagTitolo">
            <column name="FLAG_TITOLO" length="1">
                <comment>Nazione in cui &#232; stata conseguita la borsa di studio o dottorato</comment>
            </column>
        </property>
        
    </class>
</hibernate-mapping>
