<?xml version="1.0"?>
<!DOCTYPE hibernate-mapping PUBLIC "-//Hibernate/Hibernate Mapping DTD 3.0//EN"
"http://hibernate.sourceforge.net/hibernate-mapping-3.0.dtd">
<!-- Generated 8-nov-2012 10.08.42 by Hibernate Tools 3.4.0.CR1 -->
<hibernate-mapping>
    <class name="com.accenture.CCFarm.DAO.EsercizioProfRegStorico" table="ESERCIZIO_PROF_REG_STR">
        <comment>Contiene le informazioni di storico relative all'esercizio professionale di categoria A, B, C, D o altro</comment>
        <composite-id name="id" class="com.accenture.CCFarm.DAO.EsercizioProfRegStoricoId">
            <key-property name="idStorico" type="string">
                <column name="ID_STORICO" length="41" />
            </key-property>
            <key-property name="idEsercizio" type="string">
                <column name="ID_ESERCIZIO" length="41" />
            </key-property>
        </composite-id>
        <property name="miUtente" type="string">
            <column name="MI_UTENTE" length="41">
            	<comment>Mi utente</comment>
             </column>	
        </property>
        <property name="dataUltimaModifica" type="java.sql.Timestamp">
            <column name="DATA_ULTIMA_MODIFICA" not-null="true">
                <comment>Data di creazione del record</comment>
            </column>
        </property>
        
        <property name="idDomandaEs" type="string">
            <column name="ID_DOMANDA_ES" length="41" not-null="true">
                <comment>Indentificativo della domanda</comment>
            </column>
        </property>
        <property name="codRuoloEs" type="string">
            <column name="COD_RUOLO_ES" length="10">
                <comment>Codice ruolo</comment>
            </column>
        </property>
        <property name="denEsercizio" type="string">
            <column name="DEN_ESERCIZIO" length="50">
                <comment>Denominazione della farmacia o dell'ente</comment>
            </column>
        </property>
        <property name="indirizzoEs" type="string">
            <column name="INDIRIZZO" length="50">
                <comment>Indirizzo</comment>
            </column>
        </property>
         <property name="capEs" type="string">
            <column name="CAP_ES" length="10">
                <comment>CAP</comment>
            </column>
        </property>
        <property name="comuneEs" type="string">
            <column name="COMUNE_ES" length="50">
                <comment>Comune</comment>
            </column>
        </property>
        <property name="regEs" type="string">
            <column name="REG_ES" length="50">
                <comment>Regione</comment>
            </column>
        </property>
        <property name="aslEs" type="string">
            <column name="ASL_RIFERIMENTO" length="100">
                <comment>Codice Asl</comment>
            </column>
        </property>
        <property name="aslDenom" type="string">
            <column name="DESCRIZIONE_ASL" length="50">
                <comment>Descrizione Asl</comment>
            </column>
        </property>
        <property name="flagFarmRurale" type="string">
            <column name="FLAG_FARM_RURALE" length="5">
                <comment>Indica se la farmacia &#232; rurale</comment>
            </column>
        </property>
        <property name="prvEs" type="string">
            <column name="PRV_ES" length="50">
                <comment>Provincia</comment>
            </column>
        </property>
        <property name="dataInizioEs" type="date">
            <column name="DATA_INIZIO_ES" length="7">
                <comment>Data inizio</comment>
            </column>
        </property>
        <property name="dataFineEs" type="date">
            <column name="DATA_FINE_ES" length="7">
                <comment>Data fine</comment>
            </column>
        </property>
        <property name="codModalitaEs" type="string">
            <column name="COD_MODALITA_ES" length="10">
                <comment>Codice della modalit&#224; (full/part time)</comment>
            </column>
        </property>
        <property name="codCategoriaEs" type="string">
            <column name="COD_CATEGORIA_ES" length="10">
                <comment>Categoria dell'esercizio (A/B/C/D/ALTRO)</comment>
            </column>
        </property>
         <property name="flagEsteroEs" type="string">
            <column name="FLAG_ESTERO_ES" length="5">
                <comment>Indica se la farmacia &#232; estero</comment>
            </column>
        </property>
    </class>
</hibernate-mapping>
