<?xml version="1.0"?>
<!DOCTYPE hibernate-mapping PUBLIC "-//Hibernate/Hibernate Mapping DTD 3.0//EN"
"http://hibernate.sourceforge.net/hibernate-mapping-3.0.dtd">

<hibernate-mapping>
    <class name="com.accenture.CCFarm.DAO.GraduatoriaDefinitiva" table="GRADUATORIA_DEFINITIVA">
        <id name="idCandidatura" type="string">
            <column name="ID_CANDIDATURA" length="41" />
            <generator class="assigned" />
        </id>
        <property name="numeroProtocollo" type="string">
            <column name="NUMERO_PROTOCOLLO" length="41" />
        </property>
        <property name="cognome" type="string">
            <column name="COGNOME" length="30" />
        </property>
        <property name="nome" type="string">
            <column name="NOME" length="30" />
        </property>
        <property name="punteggio" type="big_decimal">
            <column name="PUNTEGGIO" precision="8" scale="4" not-null="true" />
        </property>
        <property name="dataNascita" type="string">
        	<column name="DATA_NASCITA" length="30" />
        </property>
        <property name="etaMedia" type="big_decimal">
            <column name="ETA_MEDIA" precision="8" scale="0" not-null="true" />
        </property>
         <property name="codRegione" type="string">
            <column name="COD_REGIONALE" length="5" />
        </property>
         <property name="indiceTotale" type="big_decimal">
            <column name="INDICE_TOTALE" precision="8" scale="4" not-null="true" />
        </property>
         <property name="indiceRelativo" type="big_decimal">
            <column name="INDICE_RELATIVO" precision="8" scale="4" />
        </property>
          <property name="exAequo" type="string">
            <column name="EXAEQUO" length="2" />
        </property>
        <property name="exAequoRisolto" type="string">
            <column name="EXAEQUO_RISOLTI" length="2" />
        </property>
  
    </class>
</hibernate-mapping>