<?xml version="1.0"?>
<!DOCTYPE hibernate-mapping PUBLIC "-//Hibernate/Hibernate Mapping DTD 3.0//EN"
"http://hibernate.sourceforge.net/hibernate-mapping-3.0.dtd">

<hibernate-mapping>
    <class name="com.accenture.CCFarm.DAO.GraduatoriaStorico" table="GRADUATORIA_STR">
    
    	<id name="idStorico" type="string">
            <column name="ID_STORICO" length="41" />
            <generator class="assigned" />
        </id>
        <property name="miUtente" type="string">
            <column name="MI_UTENTE" length="41">
            	<comment>Mi utente</comment>
             </column>	
        </property>
        <property name="dataUltimaModifica" type="java.sql.Timestamp">
            <column name="DATA_ULTIMA_MODIFICA" not-null="true">
                <comment>Data di creazione del record</comment>
            </column>
        </property>
    
        <property name="idCandidatura" type="string">
            <column name="ID_CANDIDATURA" length="41" />
        </property>
        <property name="numeroProtocollo" type="string">
            <column name="NUMERO_PROTOCOLLO" length="41" />
        </property>
        <property name="cognome" type="string">
            <column name="COGNOME" length="30" />
        </property>
        <property name="nome" type="string">
            <column name="NOME" length="30" />
        </property>
        
        <property name="punteggio" type="big_decimal">
            <column name="PUNTEGGIO" precision="8" scale="4" />
        </property>
        
         <property name="punteggioTitolo" type="big_decimal">
            <column name="PUNTEGGIO_TITOLO" precision="8" scale="4" />
        </property>
        
        <property name="punteggioEsperienza" type="big_decimal">
            <column name="PUNTEGGIO_ESPERIENZA" precision="8" scale="4" />
        </property>
        
        <property name="rettifica" type="string">
            <column name="RETTIFICA" length="5" />
        </property>
        <property name="elaborazione" type="string">
            <column name="ELABORAZIONE" length="5" />
        </property>
        <property name="versione" type="string">
            <column name="VERSIONE" length="5" />
        </property>
        <property name="osservazioni" type="string">
        	<column name="OSSERVAZIONI"></column>
        </property>
        
        <!--  
        <property name="dataIstruttoria">
        	<column name="DATA_ISTRUTTORIA"></column>
        </property>
        -->
        
         <property name="note" type="clob">
            <column name="NOTE"/>
         </property>    
        <property name="punteggioLaurea" type="big_decimal">
            <column name="PUNTEGGIO_LAUREA" precision="8" scale="4" />
        </property>
         <property name="punteggioAltraLaurea" type="big_decimal">
            <column name="PUNTEGGIO_ALTRA_LAUREA" precision="8" scale="4" />
        </property>
         <property name="punteggioAltraLaureaBis" type="big_decimal">
            <column name="PUNTEGGIO_ALTRA_LAUREA_BIS" precision="8" scale="4" />
        </property>
         <property name="punteggioIdoneita" type="big_decimal">
            <column name="PUNTEGGIO_IDONEITA" precision="8" scale="4" />
        </property>
          <property name="punteggioIdoneitaNazionale" type="big_decimal">
            <column name="PUNTEGGIO_IDONEITA_NAZIONALE" precision="8" scale="4" />
        </property>
         <property name="punteggioAbilitazioneCorsiAggAltriTitoli" type="big_decimal">
            <column name="PUNTEGGIO_ABILITAZIONE" precision="8" scale="4" />
        </property>
        <property name="punteggioSpecDottBorse" type="big_decimal">
            <column name="PUNTEGGIO_SPEC_DOTT_BORSE" precision="8" scale="4" />
        </property>
         <property name="punteggioPubblicazione" type="big_decimal">
            <column name="PUNTEGGIO_PUBBLICAZIONE" precision="8" scale="4" />
        </property>
         <property name="etaMedia" type="big_decimal">
            <column name="ETA_MEDIA" precision="8" scale="4" />
        </property>
        <property name="codRegione" type="string">
        	<column name="COD_REGIONALE"></column>
        </property>
        <property name="dataNascita" type="string">
        	<column name="DATA_NASCITA"></column>
        </property>
         <property name="indiceTotale" type="big_decimal">
            <column name="INDICE_TOTALE" precision="8" scale="0"  />
        </property>
         <property name="indiceRelativo" type="big_decimal">
            <column name="INDICE_RELATIVO" precision="8" scale="0" />
        </property>
          <property name="exAequo" type="string">
            <column name="EXAEQUO" length="2" />
        </property>
        <property name="exAequoRisolto" type="string">
            <column name="EXAEQUO_RISOLTI" length="2" />
        </property>
  		<property name="color" type="string">
            <column name="EXAEQUO_COLOR" length="5" />
        </property>
  		<property name="idInterpello" type="big_decimal">
            <column name="ID_INTERPELLO" />
        </property>
        <property name="indiceInterpello" type="big_decimal">
            <column name="INDICE_INTERPELLO" />
        </property>
  		<property name="escluso" type="string">
            <column name="ESCLUSO" length="5" />
        </property>
        <property name="motivoEsclusione" type="string">
            <column name="MOTIVO_ESCLUSIONE" length="400" />
        </property>
    </class>
</hibernate-mapping>