<?xml version="1.0"?>
<!DOCTYPE hibernate-mapping PUBLIC "-//Hibernate/Hibernate Mapping DTD 3.0//EN"
"http://hibernate.sourceforge.net/hibernate-mapping-3.0.dtd">

<hibernate-mapping>
    <class name="com.accenture.CCFarm.DAO.LogIn" table="LOGIN">
        <comment>Contiene le informazioni relative login;</comment>
        <id name="utenza" type="string">
            <column name="UTENZA" length="20" />
            <generator class="assigned"/>
        </id>
        <property name="password" type="string">
            <column name="PASSWORD" length="18" />
        </property>
        <property name="idUtente" type="string">
            <column name="ID_UTENTE" length="16" />
        </property>
        <property name="idRegione" type="string">
            <column name="ID_REGIONE" length="3" />
        </property>
       
     </class>
</hibernate-mapping>