<?xml version="1.0"?>
<!DOCTYPE hibernate-mapping PUBLIC "-//Hibernate/Hibernate Mapping DTD 3.0//EN"
"http://hibernate.sourceforge.net/hibernate-mapping-3.0.dtd">
<!-- Generated Sep 4, 2012 12:58:21 PM by Hibernate Tools 3.4.0.CR1 -->
<hibernate-mapping>
    <class name="com.accenture.CCFarm.DAO.Parafarmacie" table="PARAFARMACIE">
        <composite-id name="id" class="com.accenture.CCFarm.DAO.ParafarmacieId">
            <key-property name="codSlo" type="string">
                <column name="COD_SLO" length="16" />
            </key-property>
            <key-property name="desSlo" type="string">
                <column name="DES_SLO" length="60" />
            </key-property>
            <key-property name="desInd" type="string">
                <column name="DES_IND" length="100" />
            </key-property>
            <key-property name="codCap" type="string">
                <column name="COD_CAP" length="5" />
            </key-property>
            <key-property name="codCmn" type="string">
                <column name="COD_CMN" length="7" />
            </key-property>
            <key-property name="codSgi" type="string">
                <column name="COD_SGI" length="16" />
            </key-property>
            <key-property name="desRso" type="string">
                <column name="DES_RSO" length="50" />
            </key-property>
            <key-property name="codPva" type="string">
                <column name="COD_PVA" length="14" />
            </key-property>
        </composite-id>
    </class>
</hibernate-mapping>
