<?xml version="1.0"?>
<!DOCTYPE hibernate-mapping PUBLIC "-//Hibernate/Hibernate Mapping DTD 3.0//EN"
"http://hibernate.sourceforge.net/hibernate-mapping-3.0.dtd">
<!-- Generated Jul 25, 2012 10:18:11 AM by Hibernate Tools 3.4.0.CR1 -->
<hibernate-mapping>
    <class name="com.accenture.CCFarm.DAO.Provincia" table="PROVINCE">
        <id name="codiceProvincia" type="string">
            <column name="CODICE_PROVINCIA" length="100" />
            <generator class="assigned" />
        </id>
        <property name="denominazioneProvincia" type="string">
            <column name="DENOMINAZIONE_PROVINCIA" length="100" />
        </property>
        <property name="siglaAutomobilistica" type="string">
            <column name="SIGLA_AUTOMOBILISTICA" length="100" />
        </property>
        <property name="codiceRegione" type="string">
            <column name="CODICE_REGIONE" length="100" />
        </property>
    </class>
</hibernate-mapping>