<?xml version="1.0"?>
<!DOCTYPE hibernate-mapping PUBLIC "-//Hibernate/Hibernate Mapping DTD 3.0//EN"
"http://hibernate.sourceforge.net/hibernate-mapping-3.0.dtd">
<!-- Generated 8-nov-2012 11.05.53 by Hibernate Tools 3.4.0.CR1 -->
<hibernate-mapping>
    <class name="com.accenture.CCFarm.DAO.PubblicazioneReg" table="PUBBLICAZIONE_REG">
       <comment>Contiene le informazioni relative alle pubblicazioni</comment>
        <id name="idPubblicazione" type="string">
            <column name="ID_PUBBLICAZIONE" length="41" />
            <generator class="assigned" />
        </id>
        <property name="idDomandaPubbl" type="string">
            <column name="ID_DOMANDA_PUBBL" length="41" not-null="true">
                <comment>Identificativo della domanda</comment>
            </column>
        </property>
        <property name="autorePubblicazione" type="string">
            <column name="AUTORE_PUBBL" length="100">
                <comment>Autore della pubblicazione</comment>
            </column>
        </property>
        <property name="titoloPubblicazione" type="string">
            <column name="TITOLO_PUBBL" length="200">
                <comment>Titolo della pubblicazione</comment>
            </column>
        </property>
        <property name="editorePubblicazione" type="string">
            <column name="EDITORE_PUBBL" length="100">
                <comment>Editore della pubblicazione</comment>
            </column>
        </property>
        <property name="dataPubblicazione" type="date">
            <column name="DATA_PUBBL" length="7">
                <comment>Data della pubblicazione</comment>
            </column>
        </property>
        <property name="tipoPubblicazione" type="string">
            <column name="COD_TIPO_PUBBLICAZIONE" length="50">
                <comment>Codici del tipo di pubblicazione</comment>
            </column>
        </property>
        <property name="codIsbn" type="string">
            <column name="COD_ISBN" length="30">
                <comment>Codice ISBN della pubblicazione</comment>
            </column>
        </property>
        <property name="punteggio" type="big_decimal">
            <column name="PUNTEGGIO" precision="8" scale="4" />
        </property>
      </class>
</hibernate-mapping>
