<?xml version="1.0"?>
<!DOCTYPE hibernate-mapping PUBLIC "-//Hibernate/Hibernate Mapping DTD 3.0//EN"
"http://hibernate.sourceforge.net/hibernate-mapping-3.0.dtd">
<hibernate-mapping>
    <class name="com.accenture.CCFarm.DAO.Ricevute" table="RICEVUTE">
	    <composite-id name="id" class="com.accenture.CCFarm.DAO.RicevuteId">
	        
	        <key-property name="idRicevuta" type="string">
                <column name="ID_RICEVUTA" length="10" />
            </key-property>
            
            <key-property name="idCandidatura" type="string">
                <column name="ID_CANDIDATURA" length="10" />
            </key-property>
	        
	        <key-property name="idRegione" type="string">
                <column name="ID_REGIONE" length="5" />
            </key-property>
	        
	        <key-property name="tipoRicevuta" type="string">
                <column name="TIPO_RICEVUTA" length="5" />
            </key-property>
        	
	    </composite-id>     
        <property name="flagInvio" type="string">
            <column name="FLAG_INVIO" length="1" />
        </property>
        <property name="contenutoFile" type="binary">
            <column name="CONTENUTO_FILE" />
        </property>
         <property name="dataInvio" type="date">
            <column name="DATA_INVIO" />
        </property>
        <property name="numeroProtocollo" type="string">
            <column name="NUMERO_PROTOCOLLO" length="41" />
        </property>
    </class>
</hibernate-mapping>
