<?xml version="1.0"?>
<!DOCTYPE hibernate-mapping PUBLIC "-//Hibernate/Hibernate Mapping DTD 3.0//EN"
"http://hibernate.sourceforge.net/hibernate-mapping-3.0.dtd">
<!-- Generated 8-nov-2012 11.30.26 by Hibernate Tools 3.4.0.CR1 -->
<hibernate-mapping>
    <class name="com.accenture.CCFarm.DAO.SpecializzazioneRegStorico" table="SPECIALIZZAZIONE_REG_STR">
        <comment>Contiene le informazioni relative alle specializzazioni conseguite</comment>
        <composite-id name="id" class="com.accenture.CCFarm.DAO.SpecializzazioneRegStoricoId">
            <key-property name="idStorico" type="string">
                <column name="ID_STORICO" length="41" />
            </key-property>
            <key-property name="idSpecializzazione" type="string">
                <column name="ID_SPECIALIZZAZIONE" length="41" />
            </key-property>
        </composite-id>
        <property name="miUtente" type="string">
            <column name="MI_UTENTE" length="41">
            	<comment>Mi utente</comment>
             </column>	
        </property>
        <property name="dataUltimaModifica" type="java.sql.Timestamp">
            <column name="DATA_ULTIMA_MODIFICA" not-null="true">
                <comment>Data di creazione del record</comment>
            </column>
        </property>
         
        <property name="idDomandaSpec" type="string">
            <column name="ID_DOMANDA_SPEC" length="41" not-null="true">
                <comment>Identificativo della domanda</comment>
            </column>
        </property>           
        <property name="denominazioneSpec" type="string">
            <column name="DENOMINAZIONE_SPEC" length="50" not-null="true">
                <comment>Denominazione specializzazione</comment>
            </column>
        </property>
        <property name="luogoSpec" type="string">
            <column name="LUOGO_SPEC" length="50" not-null="true">
                <comment>Luogo specializzazione</comment>
            </column>
        </property>
        <property name="nazioneSpec" type="string">
            <column name="NAZIONE_SPEC" length="50" not-null="true">
                <comment>Nazione specializzazione</comment>
            </column>
        </property>
        <property name="flagEsteroSpec" type="string">
            <column name="FLAG_ESTERO" length="2" not-null="true">
                <comment>Estera/privata</comment>
            </column>
        </property>
        <property name="descrUniversitaSpec" type="string">
            <column name="DESCR_UNIVERSITA_SPEC" length="50">
                <comment>Universit&#224; presso cui &#232; stata conseguita la specializzazione</comment>
            </column>
        </property>
        <property name="descrFacoltaSpec" type="string">
            <column name="DESCR_FACOLTA_SPEC" length="50">
                <comment>Facolt&#224; in cui &#232; stata conseguita la specializzazione</comment>
            </column>
        </property>
        <property name="durataSpec" type="string">
            <column name="DURATA_SPEC" length="10">
                <comment>Durata corso di specializzazione</comment>
            </column>
        </property>
         <property name="punteggio" type="big_decimal">
            <column name="PUNTEGGIO" precision="8" scale="4" />
        </property>
    </class>
</hibernate-mapping>
