<?xml version="1.0"?>
<!DOCTYPE hibernate-mapping PUBLIC "-//Hibernate/Hibernate Mapping DTD 3.0//EN"
"http://hibernate.sourceforge.net/hibernate-mapping-3.0.dtd">

<hibernate-mapping>
    <class name="com.accenture.CCFarm.DAO.StoricoGraduatoria" table="STORICO_GRADUATORIA">
        <composite-id name="idKey" class="com.accenture.CCFarm.DAO.StoricoGraduatoriaId">
            <key-property name="idCandidatura" type="string">
                <column name="ID_CANDIDATURA" length="41" />
            </key-property>
            <key-property name="nProgressivo" type="string">
                <column name="N_PROGRESSIVO" length="41" />
            </key-property>
         </composite-id>
        
        
        <property name="numeroProtocollo" type="string">
            <column name="NUMERO_PROTOCOLLO" length="41" />
        </property>
        <property name="cognome" type="string">
            <column name="COGNOME" length="30" />
        </property>
        <property name="nome" type="string">
            <column name="NOME" length="30" />
        </property> 
        <property name="dataNascita" type="string">
            <column name="DATA_NASCITA" length="30" />
        </property>        
        <property name="punteggio" type="big_decimal">
            <column name="PUNTEGGIO" precision="8" scale="4" />
        </property>        
        <property name="etaMedia" type="big_decimal">
            <column name="ETA_MEDIA" precision="8" scale="4" />
        </property>
        <property name="codRegione" type="string">
        	<column name="COD_REGIONALE"></column>
        </property>
        <property name="indiceTotale" type="big_decimal">
            <column name="INDICE_TOTALE" precision="8" scale="0" />
        </property>
        <property name="indiceRelativo" type="big_decimal">
            <column name="INDICE_RELATIVO" precision="8" scale="0" />
        </property>
        
        <property name="exAequo" type="string">
        	<column name="EXAEQUO"></column>
        </property>
        <property name="exAequoRisolto" type="string">
        	<column name="EXAEQUO_RISOLTI"></column>
        </property>
        <property name="dataValidazione">
            <column name="DATA_VALIDAZIONE"/>
        </property> 
        <property name="colorExAequo" type="string">
            <column name="EXAEQUO_COLOR" length="5" />
        </property>
        
        <property name="idCandidatura" formula="ID_CANDIDATURA"/>
        <property name="nProgressivo" formula="N_PROGRESSIVO"/>
    </class>
</hibernate-mapping>
