<?xml version="1.0"?>
<!DOCTYPE hibernate-mapping PUBLIC "-//Hibernate/Hibernate Mapping DTD 3.0//EN"
"http://hibernate.sourceforge.net/hibernate-mapping-3.0.dtd">

<hibernate-mapping>
    <class name="com.accenture.CCFarm.DAO.TipoGraduatoria" table="TIPOLOGIA_GRADUATORIA" >
        <composite-id name="idKey" class="com.accenture.CCFarm.DAO.TipoGraduatoriaId">
            <key-property name="codRegione" type="string">
                <column name="COD_REGIONE" length="3" />
            </key-property>
            <key-property name="progressivo" type="big_decimal">
                <column name="N_PROGRESSIVO" precision="4" scale="0" />
            </key-property>
         </composite-id>
        
        <property name="codTipologiaGraduatoria" type="string">
            <column name="COD_TIPOLOGIA" length="10" />
        </property>
        
 		<property name="dataValutazione" type="date">
            <column name="DATA_VALIDAZIONE" length="7" />
        </property>
        
     	<property name="graduatoriaPDF" type="binary">
            <column name="GRADUATORIA_PDF"  />
        </property>
        
        <property name="attoAmministrativoPDF" type="binary">
            <column name="ATTO_AMMINISTRATIVO"  />
        </property>
        
        <property name="dataPublicazione" type="date">
            <column name="DATA_PUBLICAZIONE" length="7" />
        </property>
        
        <property name="statoGraduatoria" type="string">
            <column name="STATO_GRADUATORIA" length="10" />
        </property>
    
    	<property name="numeroBollettinoUffReg" type="string">
            <column name="NUMERO_BOLLETTINO_UFF_REG" length="15" />
        </property>
      
        <property name="dataBollettinoUffReg" type="date">
            <column name="DATA_BOLLETTINO_UFF_REG" length="7" />
        </property>
        
     	<property name="codRegione" formula="COD_REGIONE"/>
        <property name="progressivo" formula="N_PROGRESSIVO"/>
      
    </class>
</hibernate-mapping>