<?xml version="1.0"?>
<!DOCTYPE hibernate-mapping PUBLIC "-//Hibernate/Hibernate Mapping DTD 3.0//EN"
"http://hibernate.sourceforge.net/hibernate-mapping-3.0.dtd">
<!-- Generated Jul 25, 2012 10:18:11 AM by Hibernate Tools 3.4.0.CR1 -->
<hibernate-mapping>
    <class name="com.accenture.CCFarm.DAO.UtenteCandidatura" table="UTENTE">
        <comment>Contiene le infomazioni anagrafiche dell'utente</comment>
        <id name="idUtente" type="string">
            <column name="ID_UTENTE" length="41" />
            <generator class="assigned" />
        </id>
        <property name="dataNascitaUtente" type="date">
            <column name="DATA_NASCITA_UTENTE" length="7">
                <comment>Data di nascita del candidato</comment>
            </column>
        </property>
        <property name="nazioneNascitaUtente" type="string">
            <column name="NAZIONE_NASCITA_UTENTE" length="2">
                <comment>Nazione di nascita del condidato</comment>
            </column>
        </property>
        <property name="luogoNascitaUtente" type="string">
            <column name="LUOGO_NASCITA_UTENTE" length="100">
                <comment>Luogo di nascita del condidato</comment>
            </column>
        </property>
         <property name="luogoNascitaEstera" type="string">
            <column name="LUOGO_NASCITA_ESTERA" length="100">
                <comment>Luogo di nascita del condidato</comment>
            </column>
        </property>
        <property name="prvNascitaUtente" type="string">
            <column name="PRV_NASCITA_UTENTE" length="3">
                <comment>Provincia di nascita</comment>
            </column>
        </property>
        <property name="indirizzoResidenza" type="string">
            <column name="INDIRIZZO_RESIDENZA" length="100">
                <comment>Indirizzo</comment>
            </column>
        </property>
        <property name="comuneResidenzaUtente" type="string">
            <column name="LUOGO_RESIDENZA_UTENTE" length="6">
                <comment>Luogo di residenza del candidato</comment>
            </column>
        </property>
        <property name="prvResidenzaUtente" type="string">
            <column name="PRV_RESIDENZA_UTENTE" length="3">
                <comment>Provincia di residenza</comment>
            </column>
        </property>
        <property name="capResidenzaUtente" type="string">
            <column name="CAP_RESIDENZA_UTENTE" length="10">
                <comment>CAP di residenza del candidato</comment>
            </column>
        </property>
        <property name="nTelefonoUtente" type="string">
            <column name="N_TELEFONO_UTENTE" length="30">
                <comment>Numero di telefono di riferimento dle candidato</comment>
            </column>
        </property>
        <property name="nCellulareUtente" type="string">
            <column name="N_CELLULARE_UTENTE" length="30">
                <comment>Numero di cellulare del candidato</comment>
            </column>
        </property>
        <property name="flagCittadinoUe" type="string">
            <column name="FLAG_CITTADINO_UE" length="5">
                <comment>Dichiarazione di cittadinanza UE</comment>
            </column>
        </property>
        <property name="statoUe" type="string">
            <column name="STATO_UE" length="2">
                <comment>Stato UE relativa alla cittadinanza del candidato</comment>
            </column>
        </property>
        <property name="flagDirittiPoliticiCivili" type="string">
            <column name="FLAG_DIRITTI_POLITICI_CIVILI" length="5">
                <comment>Flag per la dichiarazione del godimento dei diritti civili e politivi</comment>
            </column>
        </property>
        <property name="provinciaListaElettorale" type="string">
            <column name="COD_PROVINCIA_LISTAELETTORALE" length="3">
                <comment>Provincia della lista elettorale di appartenenza</comment>
            </column>
        </property>
        <property name="comuneListaElettorale" type="string">
            <column name="COD_COMUNE_LISTAELETTORALE" length="6">
                <comment>Comune della lista elettorale di appartenenza</comment>
            </column>
        </property>
        <property name="createdByUtente" type="string">
            <column name="CREATED_BY_UTENTE" length="100" not-null="true">
                <comment>Indica l'utente che ha creato il record</comment>
            </column>
        </property>
        <property name="creationDateUtente" type="java.sql.Timestamp">
            <column name="CREATION_DATE_UTENTE" not-null="true">
                <comment>Indica il timestamp della creazione del record</comment>
            </column>
        </property>
        <property name="lastUpdatedByUtente" type="string">
            <column name="LAST_UPDATED_BY_UTENTE" length="100" not-null="true">
                <comment>Indica l'utente che ha modificato il record per l'ultima volta</comment>
            </column>
        </property>
        <property name="lastUpdateDateUtente" type="java.sql.Timestamp">
            <column name="LAST_UPDATE_DATE_UTENTE" not-null="true">
                <comment>Indica il timestamp dell'ultimo aggiornamento del record</comment>
            </column>
        </property>
        <property name="codiceFiscaleUtente" type="string">
            <column name="CODICE_FISCALE_UTENTE" length="18" />
        </property>
        <property name="idDomandaUtente" type="string">
            <column name="ID_DOMANDA_UTENTE" length="41" />
        </property>
        <property name="nomeUtente" type="string">
            <column name="NOME_UTENTE" length="30" />
        </property>
        <property name="cognomeUtente" type="string">
            <column name="COGNOME_UTENTE" length="30" />
        </property>
        <property name="pecMail" type="string">
            <column name="PEC_MAIL" length="100" />
        </property>
        <property name="codTipoDomanda" type="string">
            <column name="COD_TIPO_DOMANDA" length="10" />
        </property>
        <property name="codTipoUtente" type="string">
            <column name="COD_TIPO_UTENTE" length="10" />
        </property>
        <property name="flagAccettaTermini" type="string">
            <column name="FLAG_ACCETTA_TERMINI" length="5" />
        </property>
        <property name="codRegUtente" type="string">
            <column name="COD_REG_UTENTE" length="3" />
        </property>
        <property name="codStatoUtente" type="string">
            <column name="COD_STATO_UTENTE" length="10" />
        </property>
         <property name="tipoDocumento" type="string">
            <column name="TIPO_DOCUMENTO" length="30" />
        </property>
         <property name="numeroDoc" type="string">
            <column name="NUMERO_DOC" length="30" />
        </property>
          <property name="enteRilascioDoc" type="string">
            <column name="ENTE_RILASCIO_DOC" length="50">
            </column>
        </property>
         <property name="dataRilascioDoc" type="date">
            <column name="DATA_RILASCIO_DOC" length="7">
            </column>
        </property>
        <property name="sesso" type="string">
            <column name="SESSO" length="1">
            </column>
        </property>
         <property name="localitaResidenzaEstera" type="string">
            <column name="LOCALITA_ESTERA_RESIDENZA" length="50">
                <comment>Luogo di residenza del candidato</comment>
            </column>
        </property>
         <property name="nazioneResidenzaUtente" type="string">
            <column name="STATO_RESIDENZA" length="2">
                <comment>Stato di residenza del candidato</comment>
            </column>
        </property>
        
        <one-to-one name="candidatura"  cascade="save-update"  class="com.accenture.CCFarm.DAO.Candidatura" ></one-to-one>
    </class>
</hibernate-mapping>
