<?xml version="1.0"?>
<!DOCTYPE hibernate-mapping PUBLIC "-//Hibernate/Hibernate Mapping DTD 3.0//EN"
"http://hibernate.sourceforge.net/hibernate-mapping-3.0.dtd">
<!-- Generated Dec 3, 2012 12:08:19 PM by Hibernate Tools 3.4.0.CR1 -->
<hibernate-mapping>
    <class name="com.accenture.CCFarm.DAO.ValutazioneEsercizioProf" table="VALUTAZIONE_ESERCIZIO_PROF">
       <composite-id name="idKey" class="com.accenture.CCFarm.DAO.ValutazioneEsercizioProfId">
            <key-property name="idUtente" type="string">
                <column name="ID_UTENTE" length="41" />
            </key-property>
            <key-property name="progressivoEspUtente" type="string">
                <column name="ID_PROGRESSIVO_ESP" length="41"/>
            </key-property>
        </composite-id>
        <property name="idCandidatura" type="string">
            <column name="ID_CANDIDATURA" length="41"/>
        </property>
        <property name="giorniPeriodo" type="big_decimal">
            <column name="GIORNI_PERIODO" precision ="4" scale="0"/>
        </property>
        <property name="puntiPeriodo" type="big_decimal">
            <column name="PUNTI_PERIODO" precision="8" scale="4"/>
        </property>
        <property name="puntiCategoria" type="big_decimal">
            <column name="PUNTI_CATEGORIA" precision="8" scale="4"/>
        </property>
        <property name="puntiCatGiornoSingolo" type="big_decimal">
            <column name="PUNTI_CAT_SG" precision="8" scale="4"/>
        </property>
        <property name="maggiorazionePeriodo" type="big_decimal">
            <column name="MAGGIORAZIONE_PERIODO" precision="8" scale="4"/>
        </property>
        <property name="maggiorazioneCategoria" type="big_decimal">
            <column name="MAGGIORAZIONE_CATEGORIA" precision="8" scale="4"/>
        </property>
        <property name="maggiorazioneCatGiornoSingolo" type="big_decimal">
            <column name="MAGGIORAZIONE_CAT_SG" precision="8" scale="4"/>
        </property>
        <property name="dataInizio" type="date">
            <column name="DATA_INIZIO_ES" length="7" not-null="true"/>
        </property>
   		<property name="dataFine" type="date">
            <column name="DATA_FINE_ES" length="7" not-null="true"/>
        </property>
    	<property name="codiceRuaolo" type="string">
            <column name="COD_RUOLO_ES" length="10" not-null="true"/>
        </property>
    	<property name="descrizioneRuaolo" type="string">
            <column name="DES_RUOLO_ES" length="150"/>
        </property>
    	<property name="codiceModalita" type="string">
            <column name="COD_MODALITA_ES" length="10" not-null="true"/>
        </property>
    	<property name="codiceCategoria" type="string">
            <column name="COD_CATEGORIA_ES" length="10"/>
        </property>
    	<property name="rurale" type="string">
            <column name="FLAG_FARM_RURALE" length="5" not-null="true"/>
        </property>
    	 <property name="idUtente" formula="ID_UTENTE"/>
         <property name="progressivoEspUtente" formula="ID_PROGRESSIVO_ESP"/>
    </class>
</hibernate-mapping>
