<?xml version="1.0" encoding="UTF-8"?>
<!DOCTYPE hibernate-configuration PUBLIC
		"-//Hibernate/Hibernate Configuration DTD 3.0//EN"
		"http://hibernate.sourceforge.net/hibernate-configuration-3.0.dtd">
<hibernate-configuration>
	<session-factory name="CCFarmacie">
		
		<property name="hibernate.connection.driver_class">oracle.jdbc.driver.OracleDriver</property>
		<property name="hibernate.dialect">org.hibernate.dialect.Oracle10gDialect</property>
		<property name="show_sql">true</property>
 		
 		<!-- connessione datasource -->
 		<property name="connection.datasource">jdbc/CCFARM</property> 

		<mapping resource="com/accenture/CCFarm/DAO/AnagraficaFarm.hbm.xml" />
		<mapping resource="com/accenture/CCFarm/DAO/DatiBando.hbm.xml" />
		<mapping resource="com/accenture/CCFarm/DAO/Regione.hbm.xml" />
		<mapping resource="com/accenture/CCFarm/DAO/ValoriCodice.hbm.xml" />
		<mapping resource="com/accenture/CCFarm/DAO/Nazione.hbm.xml"/>
		<mapping resource="com/accenture/CCFarm/DAO/Provincia.hbm.xml" />
		<mapping resource="com/accenture/CCFarm/DAO/Comune.hbm.xml" />
		<mapping resource="com/accenture/CCFarm/DAO/RegioneDatiBando.hbm.xml" />
		<mapping resource="com/accenture/CCFarm/DAO/UtenteCandidaturaReg.hbm.xml"/>
		<mapping resource="com/accenture/CCFarm/DAO/Candidatura.hbm.xml"/>
		<mapping resource="com/accenture/CCFarm/DAO/CandidaturaReg.hbm.xml"/>
		<mapping resource="com/accenture/CCFarm/DAO/LogIn.hbm.xml"/>
		<mapping resource="com/accenture/CCFarm/DAO/Ricevute.hbm.xml"/>
		<mapping resource="com/accenture/CCFarm/DAO/CriteriPunteggi.hbm.xml"/>
		<mapping resource="com/accenture/CCFarm/DAO/UtenteReg.hbm.xml"/>
		
		<mapping resource="com/accenture/CCFarm/DAO/AltraLaureaBisReg.hbm.xml"/>
		<mapping resource="com/accenture/CCFarm/DAO/AltraLaureaReg.hbm.xml"/>
		<mapping resource="com/accenture/CCFarm/DAO/AltroTitoloReg.hbm.xml"/>
		<mapping resource="com/accenture/CCFarm/DAO/BorsaStudioReg.hbm.xml"/>
		<mapping resource="com/accenture/CCFarm/DAO/CorsoAggiornamentoReg.hbm.xml"/>
		<mapping resource="com/accenture/CCFarm/DAO/DichiarazioneSostitutivaReg.hbm.xml"/>
		<mapping resource="com/accenture/CCFarm/DAO/DocumentoReg.hbm.xml"/>
		<mapping resource="com/accenture/CCFarm/DAO/DottoratoReg.hbm.xml"/>
		<mapping resource="com/accenture/CCFarm/DAO/EsercizioProfReg.hbm.xml"/>
		<mapping resource="com/accenture/CCFarm/DAO/IdoneitaReg.hbm.xml"/>
		<mapping resource="com/accenture/CCFarm/DAO/PubblicazioneReg.hbm.xml"/>
		<mapping resource="com/accenture/CCFarm/DAO/RequisitiMinimiReg.hbm.xml"/>
		<mapping resource="com/accenture/CCFarm/DAO/SpecializzazioneReg.hbm.xml"/>
		<mapping resource="com/accenture/CCFarm/DAO/Graduatoria.hbm.xml"/>
		<mapping resource="com/accenture/CCFarm/DAO/GraduatoriaDefinitiva.hbm.xml"/>
		<mapping resource="com/accenture/CCFarm/DAO/StoricoGraduatoria.hbm.xml"/>
		<mapping resource="com/accenture/CCFarm/DAO/Farmacie.hbm.xml"/>
        <mapping resource="com/accenture/CCFarm/DAO/Parafarmacie.hbm.xml"/>
        <mapping resource="com/accenture/CCFarm/DAO/ValutazioneEsercizioProf.hbm.xml"/>
	    <mapping resource="com/accenture/CCFarm/DAO/Utente.hbm.xml"/>
 		<mapping resource="com/accenture/CCFarm/DAO/UtenteCandidatura.hbm.xml"/>
 		<mapping resource="com/accenture/CCFarm/DAO/TipoGraduatoria.hbm.xml"/>
 		<mapping resource="com/accenture/CCFarm/audit/Audit.hbm.xml"/>
 		<mapping resource="com/accenture/CCFarm/DAO/Interpello.hbm.xml"/>
 		<mapping resource="com/accenture/CCFarm/DAO/AnagraficaFarmInterpelli.hbm.xml"/>
 		<mapping resource="com/accenture/CCFarm/DAO/CandidaturaSedi.hbm.xml"/>
 		
 		<mapping resource="com/accenture/CCFarm/DAO/UtenteCandidaturaRegStorico.hbm.xml"/>
 		<mapping resource="com/accenture/CCFarm/DAO/RequisitiMinimiRegStorico.hbm.xml"/>
 		<mapping resource="com/accenture/CCFarm/DAO/IdoneitaRegStorico.hbm.xml"/>
 		<mapping resource="com/accenture/CCFarm/DAO/DichiarazioneSostitutivaRegStorico.hbm.xml"/>
 		<mapping resource="com/accenture/CCFarm/DAO/EsercizioProfRegStorico.hbm.xml"/>
 		<mapping resource="com/accenture/CCFarm/DAO/CandidaturaRegStorico.hbm.xml"/>
 		
 		<mapping resource="com/accenture/CCFarm/DAO/GraduatoriaStorico.hbm.xml"/>
 		<mapping resource="com/accenture/CCFarm/DAO/AltroTitoloRegStorico.hbm.xml"/>
 		<mapping resource="com/accenture/CCFarm/DAO/CorsoAggiornamentoRegStorico.hbm.xml"/>
 		<mapping resource="com/accenture/CCFarm/DAO/PubblicazioneRegStorico.hbm.xml"/>
 		<mapping resource="com/accenture/CCFarm/DAO/BorsaStudioRegStorico.hbm.xml"/>
 		<mapping resource="com/accenture/CCFarm/DAO/DottoratoRegStorico.hbm.xml"/>
 		<mapping resource="com/accenture/CCFarm/DAO/SpecializzazioneRegStorico.hbm.xml"/>
 		<mapping resource="com/accenture/CCFarm/DAO/AltraLaureaBisRegStorico.hbm.xml"/>
		<mapping resource="com/accenture/CCFarm/DAO/AltraLaureaRegStorico.hbm.xml"/>
 		
 		
	</session-factory>
</hibernate-configuration>