<?xml version="1.0" encoding="UTF-8"?>

<faces-config xmlns="http://java.sun.com/xml/ns/javaee"
	xmlns:xsi="http://www.w3.org/2001/XMLSchema-instance"
	xsi:schemaLocation="http://java.sun.com/xml/ns/javaee http://java.sun.com/xml/ns/javaee/web-facesconfig_2_0.xsd"
	version="2.0">

	<application>
		<locale-config>
			<default-locale>it</default-locale>
			<supported-locale>de</supported-locale>
		</locale-config>

		<message-bundle>resources.messages</message-bundle>

		<resource-bundle>
			<base-name>resources.messages</base-name>
			<var>messages</var>
		</resource-bundle>
		
		<resource-bundle>
			<base-name>resources.application</base-name>
			<var>applicationProperties</var>
		</resource-bundle>

	</application>
	
	<lifecycle>
    	<phase-listener>com.accenture.CCFarm.action.RenderingListener</phase-listener>
	</lifecycle>
	
	<validator>
		<validator-id>confermaEmailValidator</validator-id>
		<validator-class>com.accenture.CCFarm.PageBean.ConfermaEmailValidator</validator-class>
	</validator>
	
	<validator>
		<validator-id>confermaEmailValidatorAssociato</validator-id>
		<validator-class>com.accenture.CCFarm.PageBean.ConfermaEmailValidatorAssociato</validator-class>
	</validator>
	
	<validator>
		<validator-id>scegliSediValidator</validator-id>
		<validator-class>com.accenture.CCFarm.validator.ScegliSediValidator</validator-class>
	</validator>
	
<!-- 
 	<managed-bean>
		<managed-bean-name>gestDomandaBean</managed-bean-name>
		<managed-bean-class>com.accenture.CCFarm.PageBean.GestionePDFDomandaBean</managed-bean-class>
		<managed-bean-scope>session</managed-bean-scope>
	</managed-bean>

 	<managed-bean>
		<managed-bean-name>registrazione</managed-bean-name>
		<managed-bean-class>com.accenture.CCFarm.PageBean.Registrazione</managed-bean-class>
		<managed-bean-scope>session</managed-bean-scope>
	</managed-bean>
	
	<managed-bean>
		<managed-bean-name>userManagedBean</managed-bean-name>
		<managed-bean-class>com.accenture.CCFarm.PageBean.UserManagedBean</managed-bean-class>
		<managed-bean-scope>session</managed-bean-scope>
	</managed-bean>
	
 	<managed-bean>
		<managed-bean-name>domanda</managed-bean-name>
		<managed-bean-class>com.accenture.CCFarm.PageBean.Domanda</managed-bean-class>
		<managed-bean-scope>session</managed-bean-scope>
	</managed-bean>
	

	
	<navigation-rule>
			<from-view-id>../jsp/homeCandidato.jsf</from-view-id>
			<navigation-case>
				<from-outcome>creatoPDF</from-outcome>
				<to-view-id>../jsp/page2.jsf</to-view-id>
			</navigation-case>
			<navigation-case>
				<from-outcome>errorPage</from-outcome>
				<to-view-id>../jsp/prova3.jsf</to-view-id>
			</navigation-case>
		</navigation-rule>
-->
 <!-- 
 	<managed-bean>
		<managed-bean-name>loginBean</managed-bean-name>
		<managed-bean-class>com.accenture.CCFarm.PageBean.LoginBean</managed-bean-class>
		<managed-bean-scope>session</managed-bean-scope>
	</managed-bean>

	<navigation-rule>
			<from-view-id>../CCFarmacie/jsp/prova.jsf</from-view-id>
		<navigation-case>
			<from-outcome>loginPage</from-outcome>
			<to-view-id>../CCFarmacie/jsp/prova2.jsf</to-view-id>
		</navigation-case>
		<navigation-case>
			<from-outcome>errorPage</from-outcome>
			<to-view-id>../CCFarmacie/jsp/prova3.jsf</to-view-id>
		</navigation-case>
	</navigation-rule>

 -->

</faces-config>
