<?xml version="1.0" encoding="UTF-8"?>
<!DOCTYPE hibernate-configuration PUBLIC
		"-//Hibernate/Hibernate Configuration DTD 3.0//EN"
		"http://hibernate.sourceforge.net/hibernate-configuration-3.0.dtd">
<hibernate-configuration>
	<session-factory name="CCFarmacie">

		<property name="hibernate.connection.driver_class">oracle.jdbc.driver.OracleDriver</property>
		<property name="hibernate.dialect">org.hibernate.dialect.Oracle10gDialect</property>
		<property name="show_sql">true</property>
 		
 		<!-- connessione datasource PRODUZIONE -->
 		<property name="connection.datasource">jdbc/CCFARM</property>

		   <mapping resource="com/accenture/CCFarm/DAO/AltraLaurea.hbm.xml"/>
           <mapping resource="com/accenture/CCFarm/DAO/AltraLaureaBis.hbm.xml"/>
           <mapping resource="com/accenture/CCFarm/DAO/AltroTitolo.hbm.xml"/>
           <mapping resource="com/accenture/CCFarm/DAO/AnagraficaFarm.hbm.xml"/>
           <mapping resource="com/accenture/CCFarm/DAO/BorsaStudio.hbm.xml"/>
           <mapping resource="com/accenture/CCFarm/DAO/Dottorato.hbm.xml"/>
           <mapping resource="com/accenture/CCFarm/DAO/CorsoAggiornamento.hbm.xml"/>
           <mapping resource="com/accenture/CCFarm/DAO/DatiBando.hbm.xml"/>
           <mapping resource="com/accenture/CCFarm/DAO/Documento.hbm.xml"/>
           <mapping resource="com/accenture/CCFarm/DAO/DichiarazioneSostitutiva.hbm.xml"/>
		   <mapping resource="com/accenture/CCFarm/DAO/EsercizioProf.hbm.xml"/>
		   <mapping resource="com/accenture/CCFarm/DAO/Idoneita.hbm.xml"/>
		   <mapping resource="com/accenture/CCFarm/DAO/Interpello.hbm.xml"/>
		   <mapping resource="com/accenture/CCFarm/DAO/Pubblicazione.hbm.xml"/>
		   <mapping resource="com/accenture/CCFarm/DAO/Regione.hbm.xml"/>
		   <mapping resource="com/accenture/CCFarm/DAO/RequisitiMinimi.hbm.xml"/>
		   <mapping resource="com/accenture/CCFarm/DAO/Specializzazione.hbm.xml"/>
		   <mapping resource="com/accenture/CCFarm/DAO/Utente.hbm.xml"/>
		   <mapping resource="com/accenture/CCFarm/DAO/ValoriCodice.hbm.xml"/>
           <mapping resource="com/accenture/CCFarm/DAO/Nazione.hbm.xml"/>
           <mapping resource="com/accenture/CCFarm/DAO/Provincia.hbm.xml"/>
           <mapping resource="com/accenture/CCFarm/DAO/Comune.hbm.xml"/>
           <mapping resource="com/accenture/CCFarm/DAO/RegioneDatiBando.hbm.xml"/>
           <mapping resource="com/accenture/CCFarm/DAO/LogIn.hbm.xml"/>
           <mapping resource="com/accenture/CCFarm/DAO/Farmacie.hbm.xml"/>
           <mapping resource="com/accenture/CCFarm/DAO/Parafarmacie.hbm.xml"/>
           <mapping resource="com/accenture/CCFarm/DAO/Candidatura.hbm.xml"/>
           <mapping resource="com/accenture/CCFarm/DAO/CandidaturaReg.hbm.xml"/>
           <mapping resource="com/accenture/CCFarm/DAO/UtenteCandidatura.hbm.xml"/>
           <mapping resource="com/accenture/CCFarm/DAO/LogAccessi.hbm.xml"/>
           <mapping resource="com/accenture/CCFarm/DAO/Ricevute.hbm.xml"/>
           <mapping resource="com/accenture/CCFarm/DAO/RicevuteTest.hbm.xml"/>
           <mapping resource="com/accenture/CCFarm/DAO/TipoGraduatoria.hbm.xml"/>
           <mapping resource="com/accenture/CCFarm/DAO/StoricoPecMail.hbm.xml"/>
           <mapping resource="com/accenture/CCFarm/DAO/Graduatoria.hbm.xml"/>
           <mapping resource="com/accenture/CCFarm/DAO/CandidaturaSedi.hbm.xml"/>

	</session-factory>
</hibernate-configuration>